"Polling Station",,"Total No of Electors",,,,"Voters Turnout",,,,,,"Candidate ID and Name",,,,,,,,,,,,,,,,,,,,,,,,,,,,,
"Part No","Part Name",Male,Female,Other,"Total No. of electors",Male,Female,Other,Total,"No of voters identifying using EPIC","Tendered Voter","1 - AMAR SINGH","2 - BABULAL","3 - RANI PAKSHALIKA SINGH","4 - SEEMA UPADHYAY","5 - ASHOK KUMAR","6 - PEETAM SINGH","7 - PITAM SINGH","8 - PANKAJ KUMAR SHARMA","9 - MANIK","10 - MUNNA LAL","11 - MEGH SINGH","12 - ROHAN SINGH","13 - LAXMI","14 - VIJAY SINGH KUSHWAHA","15 - ANIL KUMAR","16 - AMBEDKARI HASNURAM AMBEDKARI","17 - KHEMRAJ SINGH","18 - DIWAN SINGH","19 - NATHOLI","20 - BRAJENDR SINGH","21 - MAHAVIR SINGH SOLANKI","22 - RAKESH SINGH DHANKAR","23 - RAM KUMAR DIXIT","24 - RAM BRAJ YADAV","25 - SHOBHNA BAUDDHA","26 - SATISH KUMAR","27 - SANTOSH KUMAR","28 - SEEMA DEVI","29 - None of the Above","Total Votes Secured"
1,"PRA.VI. SONIKHERA",712,506,0,1218,362,238,0,600,112,0,13,185,175,191,3,0,4,1,0,1,1,1,1,2,2,6,0,1,2,1,0,1,1,3,0,0,3,0,2,600
2,PRA.VI.KODARI,130,100,0,230,90,56,0,146,146,0,1,52,16,62,1,0,0,2,0,0,0,0,1,0,0,1,1,1,0,1,0,1,2,2,0,1,0,1,0,146
3,PRA.VI.SINGRAWALI,614,446,0,1060,369,237,0,606,578,0,11,285,43,248,2,0,0,1,0,0,0,0,0,0,0,1,0,1,2,2,1,0,3,1,0,1,3,0,1,606
4,PRA.VI.SHAHGANJ,332,268,0,600,221,195,0,416,416,0,2,159,60,155,1,0,0,3,0,0,0,0,1,5,5,4,2,4,1,1,0,0,0,2,0,1,4,3,3,416
5,PRA.VI.GARIMOHAN,804,657,0,1461,540,398,0,938,934,0,5,483,237,147,3,1,1,1,0,1,1,2,6,14,2,3,0,5,3,1,1,1,3,2,1,3,4,4,3,938
6,PRA.VI.JAGATUPURA,305,297,0,602,180,181,0,361,361,0,2,183,51,91,2,0,0,5,2,1,1,1,0,8,2,1,1,0,1,0,0,0,2,1,1,3,1,1,0,361
7,"PU.MA.VI.BASAI JAGNER K.N.1",574,436,0,1010,255,155,0,410,410,0,27,265,57,20,1,0,0,1,0,0,0,0,1,3,4,7,1,7,5,0,0,0,0,1,1,0,3,3,3,410
8,"PU.MA.VI.BASAI JAGNER K.N.2",636,487,0,1123,279,189,0,468,442,0,18,227,67,122,2,0,2,1,0,0,0,0,3,2,7,3,3,0,0,2,0,1,0,4,1,2,1,0,0,468
9,"PRA.VI.BAG KA PURA",483,371,0,854,264,176,0,440,139,0,3,129,36,234,2,0,1,0,0,0,2,0,3,1,0,1,2,3,1,4,0,0,1,2,0,6,7,2,0,440
10,PRA.VI.KANSPURA,527,442,1,970,318,226,0,544,542,0,73,196,32,188,2,1,0,1,0,0,1,0,3,3,8,2,3,3,7,3,2,2,1,2,0,1,7,2,1,544
11,"INTER COLLAGE TANTPUR",693,581,0,1274,408,265,0,673,669,0,2,308,254,54,0,1,0,1,1,1,0,0,7,2,2,3,2,1,7,3,4,0,2,6,0,0,5,3,4,673
12,PRA.VI.KUKARSO,766,647,0,1413,448,217,0,665,559,0,4,260,231,125,3,0,0,0,0,1,0,1,1,3,0,1,1,5,2,5,3,2,7,3,0,3,2,1,1,665
13,PRA.VI.HOLIPURA,558,443,0,1001,428,251,0,679,679,0,13,365,234,25,2,0,0,3,0,0,0,0,4,2,5,3,1,6,1,0,1,0,2,0,1,3,2,3,3,679
14,PRA.VI.GHASKATA,663,541,0,1204,486,357,0,843,798,0,2,330,312,138,2,1,0,0,1,0,1,1,0,7,3,5,1,1,11,6,3,0,1,4,1,4,2,4,2,843
15,"PU.MA.VI.GUNGAWAD K.N.1",547,464,0,1011,284,199,0,483,482,0,6,235,133,88,0,0,0,2,0,0,1,0,3,2,0,3,1,1,0,0,0,0,1,1,1,0,1,1,3,483
16,"PU.MA.VI.GUNGAWAD K.N.2",495,425,0,920,285,190,0,475,471,0,5,162,240,28,1,1,0,4,0,0,0,0,0,2,3,3,2,3,7,1,2,0,3,0,1,1,2,0,4,475
17,PRA.VI.MUSALPUR,644,495,1,1140,443,241,0,684,684,0,55,263,177,114,5,0,0,3,1,0,0,1,2,6,3,2,4,9,13,7,1,2,1,1,5,2,3,1,3,684
18,PRA.VI.CHACHAUND,767,585,0,1352,497,298,0,795,795,0,3,308,140,326,2,0,0,1,1,0,1,3,2,2,1,2,0,0,0,0,0,0,0,0,0,1,1,0,1,795
19,"PRA.VI.TURKPURA K.N.1",533,428,0,961,355,257,0,612,602,0,42,285,36,190,2,0,2,1,2,3,0,2,2,3,10,4,2,13,1,2,0,0,0,0,3,2,1,4,0,612
20,"PRA.VI.TURKPURA K.N.2",329,291,0,620,201,160,0,361,88,0,23,111,7,177,2,0,9,2,1,0,0,0,3,2,6,1,0,0,3,0,1,1,2,5,2,1,1,0,1,361
21,PRA.VI.RICHHOHA,339,224,0,563,195,97,0,292,291,0,2,112,152,16,0,0,0,0,1,0,0,0,0,0,0,0,0,0,0,1,0,1,2,1,1,1,1,1,0,292
22,PU.MA.VI.RICHHOHA,663,522,0,1185,491,359,0,850,850,0,8,134,441,237,1,0,0,1,1,0,2,0,1,1,0,0,0,1,0,2,2,0,2,4,2,5,3,1,1,850
23,PRA.VI.BHOJPURA,390,273,0,663,266,206,0,472,472,0,1,35,142,259,1,0,3,1,1,2,0,2,1,2,0,1,0,0,0,3,0,1,2,2,0,8,1,1,3,472
24,PRA.VI.VAJIDPUR,371,305,0,676,328,209,0,537,536,0,8,81,29,397,3,0,0,2,0,0,0,0,10,0,2,1,0,0,0,1,0,0,0,1,0,0,2,0,0,537
25,PRA.VI.GULABGANJ,207,201,0,408,152,168,0,320,320,0,61,53,108,87,1,0,0,1,0,1,1,0,0,0,1,2,1,0,0,0,0,0,0,1,0,0,2,0,0,320
26,PRA.VI.KATHUMARI,424,348,0,772,280,211,0,491,7,0,6,191,115,149,3,0,1,1,1,2,0,1,1,3,0,0,0,2,5,3,0,0,0,2,1,3,0,1,0,491
27,PRA.VI.BHARA,692,542,0,1234,571,396,0,967,90,0,9,240,516,178,2,0,0,0,0,1,2,2,1,6,0,1,0,0,0,1,0,1,2,0,0,1,3,1,0,967
28,PRA.VI.NAYAGAV,797,601,0,1398,566,386,0,952,952,0,6,585,175,104,2,2,0,1,0,1,3,2,4,13,12,8,1,7,5,1,0,0,3,0,1,5,2,5,4,952
29,PRA.VI.DHANINA,653,560,0,1213,512,408,0,920,280,0,30,285,462,83,3,0,1,1,0,0,0,1,13,10,6,4,4,1,2,1,1,0,1,0,3,2,3,0,3,920
30,PRA.VI.KACHHPURA,389,322,0,711,315,243,0,558,558,0,13,231,37,239,3,1,0,1,0,0,0,0,2,5,0,1,2,0,0,0,0,1,2,5,1,4,7,0,3,558
31,PRA.VI.JALALPUR,364,328,0,692,277,242,0,519,519,0,8,81,182,224,0,0,1,2,0,1,1,3,2,5,1,2,0,0,0,2,0,0,0,1,0,1,1,0,1,519
32,PRA.VI.KHAURPURA,242,211,0,453,159,165,0,324,281,0,3,45,77,170,2,1,0,0,0,0,0,0,1,2,1,2,0,2,2,3,1,1,1,2,0,5,0,3,0,324
33,"PU.MA.VI.VARIGAWA KHURD K.N.1",542,425,0,967,306,219,0,525,29,0,3,140,307,55,2,1,0,1,0,1,0,0,0,1,1,3,0,0,2,0,0,0,0,3,0,2,1,2,0,525
34,"PU.MA.VI.VARIGAWA KHURD K.N.2",476,386,0,862,296,197,0,493,488,0,17,97,312,50,1,0,0,1,1,1,0,0,1,1,3,1,0,2,2,1,0,0,0,0,0,0,1,0,1,493
35,"PRA.VI.NAGLA BHUMMA",688,589,0,1277,468,335,0,803,803,0,20,144,355,217,3,0,1,0,1,0,1,2,2,8,2,3,3,3,5,5,2,1,1,5,2,3,7,4,3,803
36,"PRA.VI.VAMNAI KALA K.N.1",779,538,0,1317,535,261,0,796,9,0,1,176,425,104,3,2,1,3,1,1,2,2,1,10,3,1,1,0,1,6,0,1,1,2,2,37,6,2,1,796
37,"PRA.VI.VAMNAI KALA K.N.2",310,235,0,545,208,92,0,300,300,0,2,148,58,66,0,0,1,0,0,0,0,0,1,3,2,6,0,0,1,0,0,0,2,2,1,1,1,1,4,300
38,PRA.VI.DAHGAWA,726,558,0,1284,434,312,0,746,742,0,27,443,114,128,0,0,1,0,0,0,1,1,2,11,3,2,0,1,1,1,1,0,0,0,0,0,4,2,3,746
39,"PRA.VI.VARIGAWA BUJURG",769,669,0,1438,503,388,0,891,891,0,5,232,427,192,2,0,0,0,2,0,0,0,0,7,4,1,0,1,3,5,1,0,1,2,1,0,1,1,3,891
40,"PRA.VI.SHAHPUR JAGNER",432,380,0,812,281,259,0,540,540,0,31,101,264,118,4,0,1,0,0,0,1,0,1,3,3,0,0,3,0,1,0,1,4,1,1,1,1,0,0,540
41,PRA.VI.DEVARI,254,178,0,432,206,135,0,341,341,0,0,43,16,275,0,0,0,3,1,0,0,0,1,0,0,1,0,0,0,0,1,0,0,0,0,0,0,0,0,341
42,"V.N.SARRAF INTERCOLLAGE JAGNER K.N.1PURVI BHAG",820,699,0,1519,526,371,0,897,872,0,27,288,79,427,3,4,1,4,1,1,0,3,3,5,0,3,2,3,2,8,2,3,5,5,3,1,6,5,3,897
43,"V.N.SARRAF INTERCOLLAGE JAGNER  K.N.2 PURVI BHAG",615,495,0,1110,367,250,0,617,72,0,9,312,28,235,3,1,0,2,0,1,0,0,0,5,0,2,1,2,1,1,0,2,0,1,0,2,5,2,2,617
44,"V.N.SARRAF INTERCOLLAGE JAGNER  K.N.3 PURVI BHAG",616,506,0,1122,344,238,0,582,246,0,7,281,86,185,1,4,0,1,0,0,0,0,3,1,1,3,0,2,0,0,0,1,0,0,0,0,6,0,0,582
45,"V.N.SARRAF INTERCOLLAGE JAGNER K.N.4 PURVI BHAG",445,354,0,799,225,143,0,368,368,0,16,158,126,50,0,0,0,0,0,0,0,1,3,2,1,2,0,2,1,1,0,0,0,1,0,1,1,1,1,368
46,"V.N.SARRAF INTERCOLLAGE JAGNER K.N.5 PASHACHIMI BHAG",658,555,0,1213,311,237,0,548,504,0,4,343,61,124,0,0,1,2,1,0,0,0,1,1,1,2,1,1,0,1,1,0,1,0,0,1,1,0,0,548
47,"V.N.SARRAF INTERCOLLAGE JAGNER  K.N.6 PASHACHIMI BHAG",634,469,0,1103,335,208,0,543,312,0,9,384,52,78,0,0,0,3,1,0,0,0,2,2,1,1,0,2,0,1,0,0,1,2,1,1,1,0,1,543
48,"JANATA INTER COLLAGE JAGNER K.N.1",572,441,1,1014,326,251,0,577,577,0,21,340,111,74,0,0,1,2,1,1,0,1,4,1,1,2,0,2,1,1,1,0,0,4,0,0,6,1,1,577
49,"JANATA INTER COLLAGE JAGNER K.N.2",347,289,0,636,228,159,0,387,383,0,14,172,105,76,0,0,1,0,0,0,0,1,1,2,4,0,0,0,1,0,0,1,2,0,3,0,3,0,1,387
50,"JANATA INTER COLLAGE JAGNER K.N.3",631,568,0,1199,325,324,0,649,649,0,3,75,37,513,1,0,1,0,0,0,2,1,2,0,0,0,1,0,2,7,1,0,1,0,0,0,2,0,0,649
51,"PU.MA.VI.JAGNER K.N.1",779,628,0,1407,445,348,0,793,793,0,23,330,201,213,0,1,0,0,0,0,4,0,1,2,1,0,4,2,0,1,0,0,0,0,0,7,1,0,2,793
52,"PU.MA.VI.JAGNER K.N.2",394,341,0,735,251,144,0,395,280,0,17,218,88,50,0,0,0,2,0,0,0,1,1,0,1,0,2,2,4,2,0,0,0,2,0,4,1,0,0,395
53,"PRA.VI.VIDHAULI JAGNER",485,395,0,880,352,245,0,597,15,0,10,120,57,374,4,0,1,2,0,1,2,1,1,3,2,2,0,0,1,3,1,0,3,3,0,2,2,1,1,597
54,PRA.VI.BHAVANPURA,613,502,0,1115,383,288,0,671,671,0,8,169,36,419,7,0,2,2,1,0,0,0,2,9,2,3,0,0,1,1,0,1,2,1,0,1,1,2,1,671
55,PRA.VI.MEWALI,732,631,0,1363,521,424,0,945,945,0,14,252,400,238,1,1,0,0,2,0,0,2,2,6,9,2,2,0,5,1,0,0,2,1,0,1,3,1,0,945
56,"PRA.VI.MEWALI K.N.2",202,135,0,337,136,88,0,224,200,0,1,21,68,120,1,0,0,1,0,0,0,0,0,1,0,0,0,0,2,2,0,0,0,4,0,0,1,2,0,224
57,"PRA.VI.NAGLA BIRBHAN K.N.1",541,410,1,952,373,242,0,615,15,0,24,332,217,16,1,0,0,1,0,0,0,1,0,2,4,4,1,2,0,0,0,0,2,1,1,1,2,3,0,615
58,"PRA.VI.NAGLA BIRBHAN K.N.2",543,451,0,994,347,248,0,595,595,0,6,110,225,191,4,1,0,1,1,0,0,2,2,2,2,4,2,8,4,11,1,1,2,0,1,3,4,2,5,595
59,"PRA.VI.NAUNI K.N.1",515,428,0,943,295,207,0,502,502,0,20,94,55,299,1,2,1,1,0,2,1,0,0,3,4,5,1,1,0,2,0,0,2,1,0,2,3,0,2,502
60,"PRA.VI.NAUNI K.N.2",417,292,0,709,306,160,0,466,466,0,7,142,110,189,1,0,0,0,0,0,1,0,2,1,2,1,0,2,0,3,1,0,0,1,0,0,1,1,1,466
61,"PRA.VI.NAUNI K.N.3",448,383,0,831,281,214,0,495,495,0,14,206,140,115,1,0,0,1,0,0,0,1,0,3,3,2,0,0,1,1,0,0,2,1,0,0,1,2,1,495
62,"PU.MA.VI.NAUNI K.N.1",528,443,0,971,296,233,0,529,22,0,4,124,166,207,2,0,0,1,0,0,0,0,1,4,1,1,2,0,3,2,1,0,1,2,3,2,2,0,0,529
63,"PU.MA.VI.NAUNI K.N.2",296,254,0,550,177,105,0,282,33,0,1,19,43,203,1,1,1,1,1,0,0,0,1,1,0,0,0,0,2,3,0,0,0,2,0,0,2,0,0,282
64,"PRA.VI.NAGLA IAMALI",463,407,0,870,269,250,0,519,150,0,10,162,140,192,0,0,0,1,0,0,2,2,0,1,0,0,0,2,0,2,0,0,1,0,1,1,1,0,1,519
65,"PRA.VI.NAGLA KASIMPUR",408,373,0,781,307,278,0,585,585,0,1,89,150,329,1,0,0,0,0,0,2,1,0,0,2,1,0,1,1,2,0,0,0,1,0,0,4,0,0,585
66,"PRA.VI.NAGLA NAGU",332,234,0,566,255,120,0,375,375,0,0,105,169,85,1,0,0,1,0,0,0,0,0,1,1,1,0,1,1,0,0,0,0,2,2,1,3,1,0,375
67,PRA.VI.SINGAYACH,779,640,0,1419,572,442,0,1014,1014,0,16,188,551,203,2,0,0,1,0,0,0,3,1,5,2,3,2,6,6,3,2,2,2,2,1,1,6,4,2,1014
68,"PRA.VI.SINGAYACH K.N.2",336,276,0,612,245,214,0,459,459,0,1,30,169,239,0,0,0,0,0,0,0,0,1,3,0,1,0,1,5,1,0,1,1,2,1,1,1,0,1,459
69,"PRA.VI.KHERA SINGAYACH",415,356,0,771,390,294,0,684,684,0,1,17,624,41,0,0,0,0,0,0,0,0,0,0,0,0,0,0,0,1,0,0,0,0,0,0,0,0,0,684
70,PRA.VI.PIPRAITHA,687,614,0,1301,389,251,0,640,16,0,14,368,127,67,3,0,0,4,0,2,1,1,3,10,5,4,1,9,2,1,0,0,2,4,2,3,3,0,4,640
71,PRA.VI.USARRA,192,173,0,365,180,132,0,312,312,0,0,108,193,2,0,0,0,0,0,0,0,0,3,3,0,1,0,1,0,0,0,0,0,0,0,0,0,1,0,312
72,PRA.VI.NIMAINA,324,273,0,597,213,165,0,378,14,0,1,116,70,183,1,0,1,0,0,0,0,0,0,0,0,0,0,1,1,0,1,0,1,0,0,0,1,1,0,378
73,PRA.VI.MIRJPURA,496,445,0,941,349,268,0,617,617,0,7,101,103,359,6,2,0,0,1,0,0,3,2,5,2,4,0,1,2,5,2,0,1,3,2,2,2,1,1,617
74,"PRA.VI.SARAINDHI K.N.1",416,367,1,784,261,181,0,442,69,0,0,136,183,112,3,1,2,0,1,0,0,0,1,0,0,1,0,0,0,1,0,0,0,0,0,0,1,0,0,442
75,"PRA.VI.SARAINDHI K.N.2",574,466,0,1040,364,282,0,646,646,0,3,204,142,276,4,1,0,0,0,0,0,0,1,0,0,2,0,0,3,0,2,0,1,4,0,0,0,1,2,646
76,"PRA.VI.SARAINDHI K.N.3",784,610,0,1394,483,283,0,766,58,0,5,417,285,28,1,0,2,2,0,0,1,0,0,7,0,3,4,1,2,1,1,1,0,1,2,0,1,0,1,766
77,"PRA.VI.SARAINDHI K.N.4",480,369,0,849,259,191,0,450,450,0,11,251,88,56,2,0,1,0,0,0,0,1,0,1,2,3,2,3,3,1,2,2,2,1,1,6,8,2,1,450
78,"KANYA PRA.VI.SARAINDHI K.N.1",556,419,0,975,295,207,0,502,501,0,6,287,77,107,2,1,1,0,0,0,0,1,3,5,2,4,0,0,1,1,0,0,0,1,0,0,0,1,2,502
79,"PRA.VI.NAGLA HANS RAJ",604,499,0,1103,402,293,0,695,695,0,4,283,368,26,0,0,0,1,0,0,0,0,1,2,0,0,0,0,1,2,0,0,1,1,1,0,3,0,1,695
80,"KANYA PRA.VI.SARAINDHI K.N.2",230,192,0,422,148,81,0,229,108,0,53,38,31,79,0,0,0,0,0,0,0,0,1,1,0,1,1,3,1,4,1,2,0,2,6,1,4,0,0,229
81,PRA.VI.CHANDSAURA,701,588,1,1290,457,376,0,833,833,0,6,274,71,421,5,1,1,0,0,1,1,1,2,6,7,8,0,2,2,5,0,1,2,3,0,2,6,4,1,833
82,PRA.VI.UDAINA,439,350,0,789,325,220,0,545,545,0,6,19,70,415,4,0,0,0,1,0,0,2,0,3,0,2,1,3,1,3,0,0,1,3,2,2,6,1,0,545
83,"PRA.VI.NAGLA PALTU",731,560,0,1291,429,344,0,773,71,0,20,63,63,582,7,1,3,3,1,0,3,2,3,0,0,5,0,1,0,3,0,1,5,1,1,0,3,0,2,773
84,"PRA.VI.NAGLA RUDHI",488,407,0,895,351,291,0,642,642,0,5,143,22,433,1,3,1,2,0,0,0,1,2,0,2,1,1,1,0,7,0,0,1,10,0,0,4,1,1,642
85,"PRA.VI.NAGLA DUKHAI KHAN",476,431,0,907,273,240,0,513,512,0,4,124,147,213,2,0,1,1,1,0,0,1,2,5,2,1,0,3,0,2,0,0,0,0,0,0,1,1,2,513
86,"PRA.VI.FAJIYAT PURA",822,652,0,1474,472,344,0,816,562,0,16,204,48,446,3,1,1,2,0,3,2,2,1,2,2,13,2,10,9,7,0,3,5,20,1,2,5,2,4,816
87,PRA.VI.KHERRA,472,390,0,862,285,223,0,508,3,0,5,70,145,267,2,0,0,2,0,0,0,0,3,0,0,1,0,0,3,2,1,0,1,2,0,0,3,0,1,508
88,PRA.VI.NARIPURA,426,404,0,830,320,263,0,583,470,0,6,24,177,339,3,0,0,0,1,1,0,1,0,1,0,3,0,0,2,0,1,1,3,10,1,3,5,0,1,583
89,"PRA.VI.DANDA K.N.1",504,397,0,901,303,214,0,517,517,0,8,172,92,203,4,0,0,27,0,0,0,1,1,0,0,0,0,0,1,1,0,0,0,0,1,0,1,3,2,517
90,"PRA.VI.DANDA K.N.2",325,249,0,574,203,137,0,340,340,0,2,117,43,149,0,0,1,4,0,0,0,2,1,3,0,1,0,0,0,0,0,0,2,3,1,2,5,1,3,340
91,PRA.VI.KULHADA,553,384,0,937,355,227,0,582,64,0,1,289,115,149,2,0,0,1,1,0,0,0,0,5,0,2,0,1,3,1,0,1,1,0,0,3,3,3,1,582
92,"PRA.VI.GARI TURSI",275,212,0,487,194,125,0,319,319,0,5,35,106,151,2,0,0,0,0,0,0,0,0,2,1,4,0,2,3,0,0,0,1,5,0,1,1,0,0,319
93,PRA.VI.GHUSIYANA,702,550,0,1252,481,313,0,794,794,0,1,307,194,264,2,1,0,3,1,0,2,1,1,3,4,1,1,1,0,0,0,0,1,3,0,1,1,0,1,794
94,"PRA.VI.RASULPUR K.N.1",441,310,0,751,311,198,0,509,509,0,3,197,237,58,2,0,0,1,0,0,1,1,1,1,1,1,0,0,1,0,0,1,1,1,0,0,1,0,0,509
95,"PRA.VI.RASULPUR K.N.2",483,354,0,837,293,207,0,500,500,0,3,132,121,204,1,2,0,0,2,0,1,0,1,1,2,3,0,2,3,3,1,0,2,5,1,3,4,0,3,500
96,PRA.VI.MAHMADGARH,306,258,0,564,215,171,0,386,386,0,2,212,26,131,2,1,0,0,0,1,0,0,0,2,3,0,0,2,0,1,0,0,0,0,0,2,1,0,0,386
97,PRA.VI.ATA,565,431,0,996,342,249,0,591,591,0,3,296,114,154,1,0,0,1,0,1,0,0,1,5,1,0,2,1,1,2,0,1,0,2,1,2,2,0,0,591
98,"PRA.VI.BHOPUR KHERAGARH",275,240,0,515,184,151,0,335,335,0,7,113,22,172,2,0,0,0,1,1,0,2,0,0,2,4,0,2,3,1,0,0,0,1,1,0,0,1,0,335
99,"PRA.VI.NAGLA VISHNU",614,526,0,1140,382,357,0,739,739,0,7,484,64,156,1,0,1,3,0,0,1,0,0,3,1,3,0,6,1,1,1,0,0,1,0,1,0,3,1,739
100,"PRA.VI.GARI KARANA",408,335,0,743,287,220,0,507,507,0,7,296,83,102,0,1,0,0,0,0,0,0,0,6,1,2,0,0,0,0,1,1,0,3,0,1,2,0,1,507
101,"PRA.VI.GHANS PURA",477,344,0,821,334,210,0,544,540,0,13,242,173,95,1,1,0,0,0,0,0,1,2,4,1,4,0,0,0,1,0,1,1,2,1,0,0,0,1,544
102,"PRA.VI.NAGLA KAMAL",715,620,0,1335,541,420,0,961,961,0,6,354,383,189,1,0,0,0,0,0,0,1,2,6,1,3,0,2,1,1,0,2,2,0,3,2,1,0,1,961
103,PRA.VI.PIPALKHERA,775,598,0,1373,404,270,0,674,68,0,8,233,145,244,2,1,1,2,1,0,0,0,2,5,0,3,1,0,1,5,0,0,6,6,1,2,0,2,3,674
104,"PU.MA.VI.PIPAL KHEARA K.N.1",625,504,0,1129,404,244,0,648,358,0,5,282,207,135,4,0,1,0,0,0,0,0,1,3,4,0,1,1,0,0,1,0,1,0,0,0,2,0,0,648
105,"PU.MA.VI.PIPAL KHEARA K.N.2",205,176,0,381,108,85,0,193,81,0,0,49,12,124,1,1,0,0,0,0,0,0,3,2,0,0,0,0,0,1,0,0,0,0,0,0,0,0,0,193
106,PRA.VI.RAINANAGAR,358,282,0,640,234,152,0,386,346,0,1,89,9,269,1,0,0,0,0,1,0,0,4,1,0,1,0,0,1,2,1,0,0,4,0,0,0,2,0,386
107,"PRA.VI.PAHADI KALA K.N.1",495,406,0,901,330,255,0,585,585,0,9,218,44,271,3,0,1,0,2,0,2,2,2,8,1,10,1,1,1,2,1,1,1,0,1,0,1,1,1,585
108,"PRA.VI.PAHADI KALA K.N.2",541,485,0,1026,290,208,0,498,498,0,4,115,41,298,5,0,0,2,1,1,1,1,2,2,0,4,0,0,1,3,0,2,1,7,0,1,4,1,1,498
109,"PRA.VI.BARBAR K.N.1",581,482,0,1063,441,348,0,789,789,0,1,37,540,169,4,0,0,0,0,0,0,1,0,1,0,0,0,5,14,4,0,1,1,3,0,1,2,0,5,789
110,"PRA.VI.BARBAR K.N.2",224,171,0,395,155,108,0,263,263,0,1,107,118,31,2,0,0,0,0,1,0,0,0,0,0,0,1,1,0,0,0,0,0,0,0,0,1,0,0,263
111,PRA.VI.PREMNAGAR,452,353,0,805,347,247,0,594,580,0,1,104,329,140,1,0,0,0,1,0,0,0,0,1,1,1,0,0,2,3,0,0,2,2,0,0,5,0,1,594
112,"PRA.V.SALEH NAGAR",770,596,0,1366,620,341,0,961,918,0,4,284,388,240,4,0,1,1,1,1,0,1,5,5,1,5,2,4,1,2,0,0,1,0,1,2,4,2,1,961
113,"PRA.VI.GARI TAL K.N.1",458,351,0,809,304,193,0,497,7,0,1,74,356,49,0,0,0,1,0,0,1,0,0,6,0,0,0,0,2,2,0,1,0,0,0,2,1,1,0,497
114,"PRA.VI.GARI TAL K.N.2",377,350,0,727,287,268,0,555,555,0,2,43,419,65,1,1,0,0,0,0,1,0,2,5,1,6,0,1,2,1,0,0,0,2,0,0,1,0,2,555
115,PRA.VI.CHANDI,245,202,0,447,201,149,0,350,250,0,0,87,173,75,0,0,0,0,0,0,0,0,1,4,0,2,0,0,2,5,0,0,0,0,1,0,0,0,0,350
116,"PRA.VI.BHILAWALI K.N.1",565,461,0,1026,348,241,0,589,589,0,2,241,309,20,0,0,0,0,0,0,2,2,2,2,0,2,0,0,2,0,0,0,1,2,0,0,2,0,0,589
117,"PRA.VI.BHILAWALI K.N.2",461,412,0,873,259,264,0,523,523,0,4,120,236,145,1,1,0,0,0,1,0,0,4,2,2,5,0,0,0,0,0,0,0,0,0,0,1,0,1,523
118,PU.MA.VI.BHILAWALI,393,324,0,717,208,134,0,342,342,0,12,93,90,132,1,0,0,0,0,0,0,1,0,2,1,1,3,0,0,1,0,0,0,2,0,0,1,1,1,342
119,"PRA.VI.VIDHAULI KHERAGARH",601,452,0,1053,364,269,0,633,624,0,4,138,245,224,3,1,0,0,1,0,0,1,3,0,0,1,0,0,3,1,0,0,0,1,0,3,1,2,1,633
120,PRA.VI.KUKANDAI,487,443,0,930,390,289,0,679,670,0,2,369,91,161,2,0,0,1,0,0,0,0,1,9,6,1,0,4,2,3,0,0,4,2,0,11,5,4,1,679
121,PRA.VI.DUGARWALA,313,279,0,592,244,206,0,450,165,0,1,189,179,51,1,0,1,1,0,0,0,1,1,6,2,6,1,0,1,1,0,2,0,2,0,0,2,0,2,450
122,PRA.VI.KUSIYAPUR,531,478,0,1009,414,362,0,776,776,0,10,643,46,18,0,0,0,1,1,0,1,0,0,8,12,7,3,3,0,1,1,0,0,3,1,3,2,6,6,776
123,"PRA.VI.KACHH PURA",341,301,0,642,258,220,0,478,435,0,2,263,13,148,1,1,3,1,2,0,0,0,3,4,3,1,3,3,1,5,0,0,2,4,2,2,4,1,6,478
124,"PRA.VI.UATGIR K.N.1",577,469,0,1046,369,271,0,640,637,0,5,105,154,335,1,4,0,0,0,0,2,2,2,4,3,1,0,2,5,4,1,1,0,5,0,1,1,0,2,640
125,"PRA.V.UATGIR K.N.2",492,414,0,906,301,269,0,570,570,0,5,143,188,186,5,1,2,2,0,0,2,0,1,3,3,4,0,1,1,3,0,2,3,1,1,0,4,1,8,570
126,"PU.MA.VI.KHERAGARH K.N.1",415,342,0,757,272,183,0,455,442,0,4,228,96,113,0,0,0,0,1,0,1,0,0,3,2,3,1,0,0,0,0,0,0,0,0,1,1,0,1,455
127,"PU.MA.VI.KHERAGARH K.N.2",472,404,1,877,267,214,0,481,468,0,4,277,95,94,0,0,0,0,0,1,0,0,0,2,0,1,1,0,1,0,0,0,0,0,1,1,1,1,1,481
128,"PU.MA.VI.KHERAGARH K.N.3",727,563,1,1291,424,277,0,701,701,0,15,331,215,97,1,3,0,2,3,0,2,2,1,7,1,7,0,1,0,1,1,0,0,1,0,7,0,1,2,701
129,"RA.KA.U.MA.VI.KHERAGARH K.N.1",486,420,0,906,278,218,0,496,5,0,8,263,169,32,1,0,0,0,0,0,12,0,1,3,1,1,0,1,2,0,0,0,0,0,0,1,0,0,1,496
130,"RA.KA.U.MA.VI.KHERAGARH K.N.2",527,429,0,956,322,246,0,568,525,0,16,268,194,31,3,1,3,3,0,0,4,0,3,1,1,5,1,7,3,1,0,0,4,3,1,2,5,3,5,568
131,"RA.KA.U.MA.VI.KHERAGARH K.N.3",443,376,0,819,243,194,0,437,301,0,8,168,149,89,1,1,0,2,0,1,3,0,1,4,0,3,1,2,1,1,0,0,0,0,0,0,0,1,1,437
132,"RA.KA.U.MA.VI.KHERAGARH K.N.4",503,456,0,959,314,249,0,563,561,0,8,339,106,83,0,1,0,0,1,0,2,2,1,3,0,3,1,2,0,3,0,0,1,1,0,3,0,3,0,563
133,PRA.VI.KHERAGARH,312,286,0,598,200,161,0,361,2,0,8,300,25,26,0,1,0,0,0,0,0,1,0,0,0,0,0,0,0,0,0,0,0,0,0,0,0,0,0,361
134,"KANYA .JU.HA.SCHOOL KHERAGARH K.N.1",774,649,0,1423,427,346,0,773,773,0,14,522,108,98,0,1,0,3,0,0,0,0,3,5,2,1,0,1,1,1,1,0,0,1,0,2,7,2,0,773
135,"KANYA .JU.HA.SCHOOL KHERAGARH K.N.2",402,291,0,693,244,184,0,428,25,0,13,264,98,37,2,0,0,0,0,1,4,0,1,1,0,0,2,1,2,0,0,0,0,0,0,0,2,0,0,428
136,"KANYA .JU.HA.SCHOOL KHERAGARH K.N.3",469,389,0,858,289,205,0,494,160,0,12,321,93,43,0,0,0,2,2,0,3,0,1,2,1,2,0,0,1,0,0,1,4,0,0,1,5,0,0,494
137,"PRA.VI.KHERAGARH K.N.1",452,407,0,859,244,205,0,449,322,0,2,353,39,39,0,0,0,1,0,0,1,0,0,2,0,0,1,0,1,1,1,0,0,1,1,1,2,3,0,449
138,"PRA.VI.KHERAGARH K.N.2",438,357,0,795,231,154,0,385,385,0,0,314,29,36,0,0,1,1,0,0,0,0,0,1,0,0,0,2,0,0,0,0,0,0,0,0,0,0,1,385
139,"PRA.VI.KHERAGARH K.N.3",793,628,0,1421,440,299,0,739,120,0,14,476,88,127,1,0,0,0,0,0,5,0,1,2,1,1,2,6,1,1,0,2,1,1,1,3,3,0,2,739
140,PRA.VI.KHANPUR,707,579,0,1286,534,434,0,968,8,0,19,784,56,39,2,2,0,3,0,2,0,0,3,16,5,5,2,1,5,2,0,1,0,0,2,6,6,1,6,968
141,"PRA.VI.LAKHANPURA K.N.1",562,463,0,1025,338,238,0,576,576,0,1,148,83,314,1,1,0,1,0,1,1,0,1,6,2,1,0,0,1,2,0,1,0,2,1,2,2,2,2,576
142,"PRA.VI.LAKHANPURA K.N.2",313,258,0,571,201,148,0,349,349,0,3,187,66,76,1,0,0,1,0,0,2,0,0,4,0,1,0,1,1,0,0,0,0,0,0,1,1,0,4,349
143,"PRA.VI.NAGLA UDAIYA  K.N.1",446,374,0,820,338,260,0,598,598,0,4,538,15,18,0,0,0,0,1,0,0,0,1,7,4,0,1,3,1,1,1,0,1,0,0,1,1,0,0,598
144,"PRA.VI.NAGLA UDAIYA  K.N.2",473,392,0,865,346,267,0,613,384,0,5,241,12,339,3,0,0,0,0,0,0,0,0,3,2,3,1,0,0,0,0,0,0,2,0,0,2,0,0,613
145,"PRA.VI.VURHARA K.N.1",505,417,0,922,302,230,0,532,240,0,4,191,271,46,0,0,0,0,0,1,1,1,0,2,3,0,0,0,4,1,0,0,2,1,0,2,0,0,2,532
146,"PRA.VI.VURHARA K.N.2",378,339,0,717,268,231,0,499,497,0,5,329,33,94,1,0,0,4,1,0,0,0,4,3,4,1,2,6,1,1,0,1,1,1,1,1,1,1,3,499
147,"PRA.VI.CHEET K.N.1",588,487,0,1075,334,231,0,565,565,0,18,310,157,43,1,1,0,0,1,0,3,1,1,5,5,5,1,1,2,1,0,0,4,0,0,3,0,1,1,565
148,"PRA.VI.CHEET K.N.2",545,440,0,985,354,270,0,624,25,0,2,130,297,152,3,0,1,0,0,0,1,0,1,1,1,2,0,2,5,4,4,2,2,5,2,3,4,0,0,624
149,PU.MA.VI.CHEET,805,634,0,1439,534,360,0,894,748,0,0,305,219,265,3,1,0,2,1,1,2,1,3,6,3,3,2,7,11,7,3,2,4,10,5,8,13,3,4,894
150,PRA.VI.VAKALPUR,651,574,0,1225,385,338,0,723,452,0,3,278,207,222,0,2,0,0,0,1,0,3,1,0,0,0,0,0,0,1,0,0,0,0,1,1,1,1,1,723
151,PRA.VI.BHOJPUR,416,379,0,795,257,241,0,498,498,0,4,105,264,114,1,0,0,1,0,0,0,0,1,1,1,2,0,1,0,1,0,0,1,0,0,0,0,0,1,498
152,"PRA.VI.AURANG PUR K.N.1",409,349,0,758,280,210,0,490,76,0,5,126,34,290,2,1,0,7,0,0,0,1,0,2,1,2,0,2,1,2,0,1,2,5,0,2,1,1,2,490
153,"PRA.VI.AURANG PUR K.N.2",446,363,0,809,296,256,0,552,552,0,5,387,114,21,1,1,1,1,0,0,0,0,0,5,2,2,0,3,1,1,0,1,1,0,1,1,0,2,1,552
154,"PU.MA.VI.KAGAROL K.N.1PURVI BHAG",617,531,0,1148,404,348,0,752,700,0,41,491,11,182,2,1,0,0,1,0,1,0,1,0,1,2,0,1,0,3,0,0,3,3,0,1,4,2,1,752
155,"PU.MA.VI.KAGAROL K.N.2 PURVI BHAG",599,524,0,1123,380,284,0,664,331,0,31,407,18,186,2,0,0,0,0,0,0,1,3,2,2,2,1,2,0,5,0,0,0,0,1,0,0,1,0,664
156,"PU.MA.VI.KAGAROL K.N.3  PASHCHIMI BHAG",504,448,0,952,316,255,0,571,571,0,66,432,12,43,0,0,0,0,0,0,0,0,0,6,4,1,1,1,1,0,0,0,1,0,1,0,1,0,1,571
157,"PU.MA.VI.KAGAROL K.N.4 PASHCHIMI BHAG",505,452,0,957,354,255,0,609,390,0,2,142,62,379,3,0,0,0,0,0,0,0,4,0,2,0,0,0,5,5,0,0,0,1,0,4,0,0,0,609
158,"PRA.VI.KAGAROL K.N.1",861,669,0,1530,598,370,0,968,968,0,10,85,385,396,5,0,1,1,0,0,20,1,8,6,2,2,2,1,5,5,0,3,8,3,1,4,8,1,5,968
159,"PRA.VI.KAGAROL K.N.2",747,589,0,1336,546,383,0,929,929,0,42,717,58,62,1,0,1,2,0,0,0,4,3,13,7,1,0,2,3,0,0,2,1,0,4,2,3,1,0,929
160,"PRA.VI.KAGAROL K.N.3",778,685,0,1463,567,530,0,1097,5,0,24,679,39,316,3,0,0,0,1,1,0,0,5,6,5,0,0,3,0,1,1,0,0,2,0,2,4,1,4,1097
161,"PRA.VI.BERICHAHAR K.N.1",538,403,0,941,323,256,0,579,125,0,23,392,111,44,3,0,0,0,0,0,0,0,0,0,0,1,2,0,0,0,0,2,0,0,0,0,0,0,1,579
162,"PRA.VI.BERICHAHAR K.N.2",319,294,0,613,174,147,0,321,245,0,9,197,67,35,1,0,0,1,0,0,0,0,0,0,0,0,0,2,0,1,1,0,1,0,0,1,3,2,0,321
163,"PRA.VI.BERICHAHAR K.N.3",477,364,0,841,298,225,0,523,491,0,42,314,22,120,1,0,0,2,0,0,2,0,0,4,1,1,1,2,0,2,0,1,1,0,3,1,2,0,1,523
164,"PANCHAYAT GAR BERICHAHAR",763,555,0,1318,459,325,0,784,381,0,17,623,65,52,0,1,0,0,0,0,1,0,0,2,0,1,0,8,0,3,0,1,1,2,0,1,1,2,3,784
165,"PRA.VI.GARHI KALIYA",725,573,0,1298,491,367,0,858,855,0,97,358,209,164,3,0,0,0,0,0,0,0,3,4,7,0,0,3,0,4,0,0,0,1,0,2,0,0,3,858
166,"PRA.VI.BERICHAHAR GARHMUKKHA K.N.1PURVI BHAG",451,376,0,827,285,231,0,516,516,0,6,123,7,341,6,0,1,1,2,1,1,2,4,1,2,1,0,1,0,3,0,1,0,2,0,1,3,1,5,516
167,"PRA.VI.BERICHAHAR GARHMUKKHAK.N.2 PASHCHIMI  BHAG",443,329,0,772,293,235,0,528,2,0,24,346,6,124,1,0,0,1,0,0,2,0,1,2,2,2,0,0,1,5,0,0,2,1,0,4,1,2,1,528
168,"PRA.VI.BERICHAHAR GARHMUKKHA K.N.3 PASHCHIMI  BHAG",570,495,0,1065,375,287,0,662,587,0,17,529,50,37,2,0,0,2,0,0,1,1,0,5,5,1,0,1,4,0,0,0,2,0,1,1,2,1,0,662
169,"PRA.VI.BISALPUR K.N.1",687,528,0,1215,475,348,0,823,823,0,38,441,72,224,0,0,1,1,1,0,0,1,2,4,6,3,0,8,2,5,0,1,1,1,0,2,2,5,2,823
170,"PRA.VI.BISALPUR K.N.2",756,625,0,1381,472,343,0,815,56,0,12,591,122,64,1,0,0,2,0,0,0,0,0,11,5,3,0,1,0,0,0,0,0,2,0,0,0,1,0,815
171,"PU.MA.VI.DIGRAUTA K.N.1",423,343,0,766,295,202,0,497,497,0,37,406,24,6,0,0,0,1,0,0,0,0,2,2,1,1,0,3,3,0,1,1,1,1,1,0,2,2,2,497
172,"PU.MA.VI.DIGRAUTA K.N.2",430,355,0,785,276,174,0,450,450,0,18,389,12,20,0,0,0,0,0,0,0,0,1,5,3,1,1,0,0,0,0,0,0,0,0,0,0,0,0,450
173,"PRA.VI.DIGRAUTA K.N. 1PURVI BHAG",557,407,0,964,373,261,0,634,634,0,11,306,2,296,5,0,1,0,0,0,1,0,0,3,0,0,0,2,0,1,0,0,0,1,0,2,2,1,0,634
174,"PRA.VI.DIGRAUTA K.N. 2 PASHCHIMI BHAG",401,292,0,693,271,179,0,450,450,0,24,238,14,156,2,0,0,0,1,1,0,1,0,0,2,1,0,2,0,0,0,0,2,3,0,0,2,1,0,450
175,"PRA.VI.DIGRAUTA K.N. 3 PASHCHIMI BHAG",738,567,0,1305,469,252,0,721,29,0,63,502,41,52,3,0,1,0,1,0,1,0,4,9,14,4,2,4,0,2,0,1,1,0,0,6,1,5,4,721
176,PRA.VI.VISHRAMPUR,737,614,0,1351,455,327,0,782,782,0,5,380,42,329,1,0,1,0,0,0,0,0,2,3,2,1,0,2,2,1,0,1,0,3,0,0,3,1,3,782
177,PRA.VI.GORAU,558,488,0,1046,435,319,0,754,140,0,1,146,349,222,2,0,0,1,1,0,1,2,0,4,1,2,0,1,2,2,0,0,3,3,0,2,5,1,3,754
178,"PRA.VI.SAUN K.N.1",421,326,0,747,244,194,0,438,438,0,3,120,244,58,1,0,0,1,1,0,0,0,1,2,0,2,0,0,1,1,0,0,1,1,0,0,0,0,1,438
179,"PRA.VI.SAUN K.N.2",524,419,0,943,305,235,0,540,297,0,0,95,289,135,1,1,4,1,1,1,1,0,3,0,0,1,0,1,1,1,0,0,0,2,0,1,1,0,0,540
180,"GANESHILAL .PU.MA.VI.SAUN",710,580,0,1290,446,393,0,839,740,0,5,61,309,425,5,0,0,0,0,0,0,1,6,2,0,2,0,0,1,4,0,1,0,7,1,4,4,0,1,839
181,"PRA.VI.SAUN KA BADA NAGLA",261,227,0,488,180,143,0,323,321,0,1,5,14,286,5,0,0,0,0,0,0,2,1,1,0,1,0,0,0,2,0,1,1,1,0,0,1,0,1,323
182,"PRA.VI.BHAKAR K.N. 1",414,327,0,741,273,206,0,479,48,0,0,287,44,112,3,0,1,1,1,0,1,0,1,10,1,2,0,3,1,2,0,0,0,0,0,3,1,1,4,479
183,"PRA.VI.BHAKAR K.N. 2",454,341,1,796,304,206,0,510,510,0,0,166,48,292,0,0,0,0,0,0,1,0,0,0,1,1,0,1,0,0,0,0,0,0,0,0,0,0,0,510
184,"PRA.VI.MAHUA KHERA",763,625,0,1388,527,392,0,919,15,0,1,193,304,396,3,0,0,0,0,1,0,0,2,4,2,2,0,1,0,4,0,1,0,0,1,0,2,0,2,919
185,PU.MA.VI.LALPUR,622,546,0,1168,396,249,0,645,621,0,1,382,88,110,2,0,1,1,0,0,1,0,1,5,1,4,0,15,8,7,0,0,1,3,0,9,1,0,4,645
186,PRA.VI.SITAULI,561,457,0,1018,380,258,0,638,638,0,3,143,324,145,3,0,0,0,0,0,0,2,0,7,0,1,0,2,1,0,0,0,0,2,0,4,0,0,1,638
187,PRA.VI.PAYRATIYA,553,437,0,990,362,267,0,629,629,0,1,102,220,279,1,0,0,0,0,0,0,3,2,2,2,5,0,1,3,0,0,0,1,0,0,2,1,2,2,629
188,PRA.VI.KHANKAGARH,296,260,0,556,228,188,0,416,414,0,0,99,291,12,0,0,0,0,0,0,0,0,2,4,0,0,1,1,0,1,0,0,1,0,1,2,1,0,0,416
189,"PRA.VI.BASAI KHERAGARH K.N.1",323,268,0,591,226,163,0,389,388,0,0,201,160,7,1,0,0,1,0,0,0,0,0,3,0,3,0,1,1,0,0,0,0,1,2,3,5,0,0,389
190,"PRA.VI.BASAI KHERAGARH K.N.2",342,256,0,598,230,148,0,378,77,0,4,158,166,31,0,0,0,0,0,0,0,0,1,4,0,0,1,1,0,0,0,0,2,0,0,9,0,1,0,378
191,PRA.VI.BHAISON,676,553,0,1229,443,281,0,724,724,0,84,297,120,150,1,1,0,0,0,1,0,0,1,3,5,2,4,15,4,9,2,2,2,3,2,1,9,3,3,724
192,PU.MA.VI.BHAISON,443,380,0,823,328,251,0,579,579,0,60,138,104,249,2,0,1,0,0,0,1,0,2,2,2,3,0,4,2,3,1,0,0,0,1,0,3,1,0,579
193,"PRA.VI.JHIL KA PURA",467,394,0,861,327,235,0,562,562,0,1,44,75,426,0,0,0,2,0,0,0,1,2,0,0,0,0,1,2,0,0,0,1,1,1,0,3,1,1,562
194,PRA.VI.DANKASHA,612,531,0,1143,365,251,0,616,15,0,1,114,376,67,3,1,0,0,1,0,0,0,0,4,1,2,1,4,12,5,1,1,2,1,1,3,11,1,3,616
195,PRA.VI.JODHAPURA,743,636,0,1379,577,465,0,1042,50,0,4,74,366,537,6,5,1,3,2,1,0,0,3,2,1,4,3,1,0,9,0,1,1,5,2,1,7,0,3,1042
196,PRA.VI.KURRI,445,408,0,853,346,220,0,566,566,0,1,55,146,339,5,0,0,1,0,0,1,0,1,3,0,2,0,2,2,1,0,0,1,1,0,2,3,0,0,566
197,PRA.VI.JAJAU,629,508,0,1137,493,355,0,848,90,0,4,105,682,45,1,0,0,0,0,0,0,0,0,1,0,1,1,0,2,0,0,0,1,1,0,0,2,0,2,848
198,PRA.VI.KACHHPURA,188,147,0,335,123,120,0,243,224,0,4,42,43,144,1,1,0,0,0,0,1,0,2,0,0,0,1,1,0,0,0,0,2,0,0,0,0,0,1,243
199,"PRA.VI.SARAY JAJAU  K.N.1",391,334,0,725,263,154,0,417,16,0,3,87,150,147,2,0,0,1,0,0,1,1,1,3,1,1,0,3,5,1,0,1,1,0,1,0,4,1,2,417
200,"PRA.VI.SARAY JAJAU  K.N.2",525,412,0,937,312,198,0,510,510,0,3,127,202,144,3,0,0,0,0,0,9,1,2,2,2,2,1,1,3,2,0,1,0,2,0,0,1,0,2,510
201,"PRA.VI.GARHI PANCHHIPAL",642,525,0,1167,376,344,0,720,568,0,8,123,428,133,1,1,0,0,0,0,2,0,2,3,1,3,0,0,3,3,0,1,1,0,0,1,3,1,2,720
202,"PRA.VI.NAGLA SABDAL",485,376,0,861,282,209,0,491,400,0,7,83,271,114,0,0,1,1,0,0,2,0,1,2,2,1,0,0,0,1,0,1,0,0,0,1,0,0,3,491
203,"PU.MA.VI.AYELA K.N.1",575,439,0,1014,400,272,0,672,400,0,3,163,429,62,0,1,1,0,0,0,0,0,0,5,2,3,0,1,0,1,0,0,0,1,0,0,0,0,0,672
204,"PU.MA.VI.AYELA K.N.2",491,385,0,876,255,167,0,422,70,0,1,107,157,135,2,1,0,0,1,0,0,2,0,2,0,2,1,1,0,3,0,1,1,1,0,0,3,1,0,422
205,PRA.VI.AYELA,658,499,0,1157,457,283,0,740,740,0,12,306,374,23,2,0,0,2,0,0,0,0,1,0,1,0,1,6,5,2,0,0,1,0,1,1,2,0,0,740
206,SAH.BIJ.GODAM.AYELA,608,454,0,1062,430,308,0,738,738,0,3,239,435,38,3,1,0,1,0,0,0,0,0,7,3,0,0,0,1,0,2,0,0,1,0,0,2,0,2,738
207,PRA.VI.BHUKPURA,655,505,0,1160,480,365,0,845,845,0,2,112,684,9,1,2,0,1,1,1,1,0,0,8,0,6,0,2,1,0,2,3,1,1,1,3,1,2,0,845
208,NAV.NRIMIT.PRA.VI.KHADAR,587,460,0,1047,420,294,0,714,713,0,4,63,91,505,7,3,2,1,1,0,0,2,3,1,0,5,0,1,3,3,2,1,2,4,1,0,4,2,3,714
209,"PRA.VI.NAGLA MAHAUR",787,567,0,1354,494,353,0,847,500,0,227,418,57,94,5,0,1,1,1,1,2,1,0,4,7,3,5,2,2,3,0,1,1,2,5,1,0,1,2,847
210,"PU.MA.VI.RITHAURI  K.N.1",712,527,0,1239,432,277,0,709,287,0,179,326,89,92,0,0,0,1,0,0,0,1,2,2,7,2,2,1,1,0,0,0,1,1,1,0,0,0,1,709
211,"PU.MA.VI.RITHAURI  K.N.2",566,442,0,1008,349,255,0,604,594,0,237,254,68,20,1,0,0,1,0,1,0,0,6,1,8,5,0,1,0,0,0,0,0,0,0,0,0,1,0,604
212,PRA.VI.KUKAWAR,472,410,0,882,328,278,0,606,599,0,4,166,89,315,1,1,0,2,1,0,0,0,4,3,0,2,0,1,2,1,2,1,1,3,0,3,3,0,1,606
213,"PRA.VI.NAGLA TEJA",657,482,0,1139,465,339,0,804,804,0,4,443,96,238,1,0,0,1,0,1,0,1,1,1,2,1,0,3,0,1,0,0,1,0,0,0,3,5,1,804
214,"PRA.VI.NAGLA DHANIYA",408,363,0,771,298,247,0,545,245,0,5,134,369,19,0,0,0,0,0,0,0,0,0,3,2,1,0,0,2,2,0,0,1,0,1,2,1,0,3,545
215,"PRA.VI.NAGLA DHOVI",302,273,0,575,235,218,0,453,91,0,1,28,339,72,0,0,0,0,1,0,0,1,1,4,0,1,0,0,1,0,1,0,1,0,0,0,1,1,0,453
216,"PRA.VI.VIRHARU  K.N.1",396,335,0,731,303,174,0,477,120,0,3,165,219,80,0,0,0,1,0,0,0,0,0,1,2,0,0,1,1,2,2,0,0,0,0,0,0,0,0,477
217,"PRA.VI.VIRHARU  K.N.2",478,376,1,855,306,199,0,505,505,0,0,127,323,45,0,0,0,0,0,0,0,0,2,1,0,1,0,0,2,0,0,0,1,0,0,1,2,0,0,505
218,"PRA.VI.VIRHARU  K.N.3",805,633,0,1438,523,317,0,840,840,0,7,282,149,346,5,1,1,2,0,1,0,1,4,6,8,3,1,4,6,0,1,0,1,4,0,1,1,3,2,840
219,PU.MA.VI.VIRHARU,415,314,0,729,304,229,0,533,37,0,4,45,13,448,4,0,0,0,0,0,0,0,5,0,0,1,0,0,0,3,4,0,1,0,1,2,2,0,0,533
220,PRA.VI.JAUNAI,608,531,0,1139,367,291,0,658,658,0,28,249,63,260,1,0,1,1,1,1,7,1,14,3,7,1,0,0,1,0,1,0,0,1,4,4,1,4,4,658
221,PU.MA.VI.JAUNAI,623,508,0,1131,376,255,0,631,631,0,8,310,105,110,3,0,2,1,0,1,0,2,72,3,1,0,1,2,2,5,0,0,1,0,0,0,0,0,2,631
222,"PU.MA.VI.GARHI JAITU MURKIYA",709,550,0,1259,386,270,0,656,36,0,177,286,113,42,0,1,1,1,1,1,0,1,2,0,11,4,3,2,0,4,0,1,2,2,1,0,0,0,0,656
223,"PRA.VI.MURKIYA K.N.1",543,455,0,998,356,271,0,627,624,0,15,366,77,153,6,1,0,0,0,0,1,0,2,1,2,1,0,0,0,0,0,0,0,0,0,1,0,0,1,627
224,"PRA.VI.MURKIYA K.N.2",344,271,0,615,222,138,0,360,360,0,15,265,18,50,2,0,0,2,1,0,0,0,0,2,2,0,0,1,0,0,0,0,0,1,0,0,0,1,0,360
225,"PRA.VI.VISHARA K.N.1",532,426,0,958,329,275,0,604,570,0,83,257,88,108,1,1,1,1,1,1,0,0,12,4,6,6,0,7,2,3,2,2,4,3,6,2,3,0,0,604
226,"PRA.VI.VISHARA K.N.2",530,450,0,980,345,228,0,573,519,0,17,349,95,70,1,0,0,1,0,0,0,1,2,3,3,1,0,3,3,5,2,2,3,3,0,3,4,1,1,573
227,"PRA.VI.SIKANDARPUR K.N.1",653,540,0,1193,416,308,0,724,724,0,10,270,88,313,3,0,1,2,0,0,1,0,1,5,1,3,2,2,3,3,0,1,1,2,0,3,3,1,5,724
228,"PRA.VI.SIKANDARPUR K.N.2",762,609,0,1371,509,327,0,836,836,0,2,219,83,473,1,1,0,2,0,2,0,0,1,8,2,0,0,5,6,5,3,0,4,4,1,6,2,2,4,836
229,"PRA.VI.KANCHANPUR K.N.1",613,481,0,1094,383,270,0,653,653,0,5,414,122,63,0,0,0,4,0,1,0,1,1,7,5,5,0,2,3,1,1,0,2,3,1,0,6,4,2,653
230,"PRA.VI.KANCHANPUR K.N.2",374,268,0,642,271,156,0,427,425,0,3,255,101,34,2,0,0,6,0,0,2,1,1,7,2,2,0,1,0,0,1,0,4,0,0,2,3,0,0,427
231,"PRA.VI.TEHARA K.N. 1",588,472,0,1060,425,336,0,761,17,0,4,208,146,359,6,1,3,1,0,0,0,1,1,2,3,2,3,3,4,4,1,1,0,1,3,0,4,0,0,761
232,"PRA.VI.TEHARA  K.N. 2",618,529,0,1147,401,346,0,747,747,0,2,198,91,393,10,1,2,2,2,1,0,2,2,1,1,5,0,0,2,4,1,2,5,4,2,3,2,1,8,747
233,PU.MA.VI.TEHARA,806,618,0,1424,544,406,0,950,950,0,16,280,388,236,2,1,0,1,0,1,0,1,1,5,5,5,0,0,1,1,0,1,0,1,1,0,3,0,0,950
234,"PRA.VI.NAGLA CHHAHARI",609,475,1,1085,399,301,0,700,640,0,7,357,255,61,0,0,0,2,0,0,0,1,1,3,2,0,0,3,0,3,0,0,0,1,0,1,1,0,2,700
235,"NAV.NRIMIT.PRA.VI.LAHCHORA K.N. 1",499,422,0,921,405,335,0,740,72,72,0,66,455,194,2,0,0,0,0,0,0,0,1,2,0,1,0,1,6,5,1,0,2,2,0,1,1,0,0,740
236,"NAV.NRIMIT.PRA.VI.LAHCHORA K.N. 2",415,309,0,724,261,169,0,430,139,0,0,57,100,254,1,0,0,0,0,0,1,0,0,1,0,2,0,0,0,2,1,0,3,5,0,2,0,0,1,430
237,"PRA.VI.VIRAI K.N.1",457,358,0,815,297,204,0,501,501,0,1,132,206,132,2,0,0,0,0,0,0,0,1,4,1,1,0,3,2,5,0,0,0,1,2,2,3,1,2,501
238,"PRA.VI.VIRAI K.N.2",470,345,0,815,349,239,0,588,588,0,0,106,432,36,1,0,0,0,2,0,0,0,0,2,0,1,1,0,1,2,0,0,0,0,0,1,0,1,2,588
239,"PRA.VI.VIRAI K.N.3",772,631,0,1403,507,374,0,881,32,0,3,169,280,372,6,2,1,4,1,0,0,3,5,3,1,2,3,1,6,4,1,0,2,3,0,1,5,0,3,881
240,PRA.VI.TAHARPUR,696,518,0,1214,510,302,0,812,812,0,2,128,315,332,7,1,0,0,0,1,0,0,2,2,1,3,1,2,0,1,0,1,3,4,2,0,1,2,1,812
241,"PRA.VI.CHHITAPURA NAGLA VIRAI",262,235,0,497,211,179,0,390,20,0,3,30,253,90,0,0,0,2,0,0,0,1,0,1,0,0,1,2,2,1,0,1,0,0,0,1,0,0,2,390
242,"PRA.VI.SAURA K.N.1",540,437,0,977,414,279,0,693,20,0,1,293,230,147,1,0,0,0,1,0,1,0,1,3,1,0,0,4,1,0,0,1,3,0,1,0,4,0,0,693
243,"PRA.VI.SAURA K.N.2",585,429,0,1014,485,305,0,790,9,0,2,219,304,236,3,0,0,0,2,0,0,1,1,7,2,2,0,3,0,1,0,1,1,3,1,1,0,0,0,790
244,PRA.VI.DAKHALIPURA,237,189,0,426,197,129,0,326,302,0,2,171,92,50,0,0,0,0,1,1,0,1,1,2,0,1,0,1,0,1,0,0,1,0,0,0,0,1,0,326
245,"PRA.VI .MAHARAJ SINGH KA PURA",273,251,0,524,192,163,0,355,355,0,1,76,169,91,1,0,0,1,0,1,0,1,1,2,1,5,0,1,0,2,0,0,0,0,0,0,1,0,1,355
246,"RA.DIKSHA.VI.SAIYAN  K.N.1PURVI BHAG",594,448,0,1042,418,261,0,679,679,0,4,117,175,329,5,0,0,2,0,1,6,2,3,5,1,7,0,0,2,2,0,2,3,2,1,2,4,1,3,679
247,"RA.DIKSHA.VI.SAIYAN K.N.2 PURVI BHAG",679,539,0,1218,440,293,0,733,733,0,6,304,193,189,2,0,0,1,1,0,10,1,1,8,5,2,0,2,0,1,0,0,1,4,0,0,0,1,1,733
248,"RA.DIKSHA.VI.SAIYAN K.N.3PURVI BHAG",540,386,0,926,301,230,0,531,531,0,8,251,104,149,0,2,2,0,0,0,2,0,1,2,2,3,0,1,0,0,0,0,1,0,0,0,0,2,1,531
249,"RA.DIKSHA.VI.SAIYAN  K.N.4 PURVI BHAG",584,409,0,993,316,160,0,476,31,0,4,197,112,138,1,1,0,1,0,0,0,1,1,3,1,1,0,2,2,5,0,0,2,0,0,0,2,0,2,476
250,"RA.DIKSHA.VI.SAIYAN  K.N.5PASHCHIMI  BHAG",434,355,0,789,303,186,0,489,481,0,3,315,123,19,0,0,0,4,0,1,1,1,1,5,4,2,0,2,1,1,0,0,0,0,1,3,2,0,0,489
251,"RA.DIKSHA.VI.SAIYAN  K.N.6 PASHCHIMI  BHAG",446,346,0,792,272,217,0,489,487,0,2,182,37,220,7,0,1,0,0,1,1,0,5,5,0,2,1,1,1,6,2,0,2,0,0,2,7,1,3,489
252,"RA.DIKSHA.VI.SAIYAN  K.N.7 PASHCHIMI  BHAG",498,394,0,892,298,211,0,509,509,0,6,363,70,27,0,2,1,2,0,0,6,1,0,5,7,9,0,2,0,0,0,0,0,0,2,0,2,0,4,509
253,"PRA.VI.HIRODA K.N.1",449,307,0,756,301,153,0,454,454,0,2,137,211,71,2,1,1,1,0,0,0,0,0,3,1,2,0,2,8,3,0,0,0,0,1,0,4,2,2,454
254,"PRA.VI.HIRODA K.N.2",369,352,0,721,255,75,0,330,330,0,1,99,121,91,0,0,0,0,1,0,0,1,0,1,0,0,0,2,2,0,0,2,1,0,4,2,1,0,1,330
255,"PRA.VI.HIRODA K.N.3",682,548,0,1230,430,313,0,743,330,0,1,182,285,242,1,0,1,1,0,0,0,0,1,2,0,1,1,1,1,6,0,0,5,5,0,2,3,1,1,743
256,"PRA.VI.MUKHRAI K.N.1",301,256,0,557,204,159,0,363,360,0,3,121,127,99,0,0,1,0,1,1,0,1,0,0,2,1,0,0,1,2,0,0,0,1,0,0,0,1,1,363
257,"PRA.VI.MUKHRAI K.N.2",571,458,0,1029,367,191,0,558,543,0,2,209,53,272,4,0,0,1,0,0,1,2,1,4,0,2,0,1,1,1,0,0,0,2,0,1,0,0,1,558
258,PRA.VI.RAMPURA,522,412,0,934,332,296,0,628,528,0,5,83,154,340,3,1,2,0,0,0,0,4,2,4,1,2,0,2,1,6,0,0,2,6,0,3,3,0,4,628
259,"SHANKARLAL RA. INTER COLLAGE LADUKHEDA  K.N.1PURVI BHAG",468,370,0,838,312,210,0,522,487,0,10,302,105,87,0,0,0,1,0,0,0,0,0,0,0,2,3,5,0,5,0,0,0,1,0,1,0,0,0,522
260,"SHANKARLAL RA.INTER COLLAGE LADUKHEDA  K.N.2 PURVI BHAG",600,499,0,1099,385,259,0,644,606,0,4,241,231,140,0,0,1,1,0,1,1,0,3,4,2,1,1,2,0,0,0,0,0,1,0,7,1,0,2,644
261,"SHANKARLAL RA.INTER COLLAGE LADUKHEDA  K.N.3 PASHCHIMI BHAG",427,367,0,794,299,217,0,516,516,0,5,233,99,154,0,1,0,3,1,0,1,0,3,4,0,4,0,0,1,0,0,0,1,2,0,1,1,0,2,516
262,PRA.VI.LACHCHHIPURA,513,426,0,939,373,246,0,619,66,0,2,218,348,38,0,1,0,0,0,0,0,1,2,3,1,0,0,1,0,0,0,0,1,0,0,0,1,1,1,619
263,PRA.VI.AMARUPURA,510,409,0,919,333,248,0,581,579,0,4,265,64,215,5,0,2,1,1,0,0,0,2,5,3,4,0,3,1,0,0,0,1,1,1,1,1,0,1,581
264,"PRA.VI.NAGLA MAUHARE",584,445,0,1029,385,242,0,627,627,0,0,325,18,245,3,0,1,3,0,0,5,0,0,8,1,3,0,3,1,1,0,1,0,2,0,0,5,0,2,627
265,PRA.VI.MAI,364,268,0,632,274,176,0,450,165,0,8,284,15,116,3,0,0,0,0,0,0,0,0,3,1,0,0,2,0,1,0,1,4,3,4,0,4,0,1,450
266,"PRA.VI.GARHI GADSAN",175,115,0,290,151,104,0,255,255,0,2,67,156,19,1,1,1,0,0,0,0,0,0,0,1,1,0,0,1,2,0,0,0,0,0,1,0,0,2,255
267,"PRA.VI.GADSAN K.N.1",405,352,0,757,299,256,0,555,555,0,3,67,174,286,2,0,0,1,0,0,0,4,3,0,1,1,1,1,1,3,0,0,1,1,1,1,3,0,0,555
268,"PRA.VI.GADSAN K.N.2",520,408,0,928,395,261,0,656,656,0,5,326,184,109,1,1,0,3,0,1,0,2,0,4,2,3,1,2,0,0,0,0,1,0,2,3,6,0,0,656
269,PRA.VI.RAJPURA,756,607,0,1363,485,319,0,804,180,0,5,338,213,217,3,0,1,0,0,0,1,2,0,1,3,4,1,2,0,2,0,0,1,2,1,1,2,2,2,804
270,"PRA.VI.SHAHPUR NADIM",416,340,0,756,300,256,0,556,20,0,2,195,205,121,2,0,1,0,0,0,1,1,1,4,2,3,0,3,1,1,0,0,4,1,0,2,3,2,1,556
271,"PRA.VI.SIRODH PURA",315,260,0,575,210,164,0,374,374,0,2,125,57,171,3,1,1,0,0,0,0,0,0,1,0,3,0,0,2,2,0,1,0,2,1,1,0,0,1,374
272,"PRA.VI.NADIM K.N.1",751,593,0,1344,493,334,0,827,826,0,1,356,199,200,3,2,2,1,2,1,1,2,4,9,3,7,0,3,3,1,1,2,2,7,1,4,3,5,2,827
273,"PRA.VI.NADIM K.N.2",803,606,0,1409,465,334,0,799,799,0,7,243,217,270,4,0,1,3,0,0,4,1,3,7,1,4,4,5,1,4,0,0,3,4,2,4,4,0,3,799
274,"CHANDAN SINGH.JU.HA.SCHOOL CHHITAPURA MOTIPURA K.N.1",545,467,0,1012,390,275,0,665,249,0,2,44,432,181,1,0,0,0,0,0,0,0,1,0,0,0,0,0,2,0,0,0,0,0,0,1,0,0,1,665
275,"CHANDAN SINGH.JU.HA.SCHOOL CHHITAPURA MOTIPURA K.N.2",455,345,0,800,295,198,0,493,493,0,0,163,244,64,1,0,0,1,0,1,0,2,1,3,2,1,0,1,0,4,1,0,1,1,1,0,0,0,1,493
276,"PRA.VI.NAGLA IANAMI",525,454,0,979,398,279,0,677,672,0,4,498,42,81,3,1,0,1,0,0,3,1,1,9,6,4,0,2,4,3,0,0,2,0,0,2,5,2,3,677
277,"PRA.VI.JHILARA SYARMAU",697,529,0,1226,387,365,0,752,752,0,5,419,108,190,3,0,0,3,1,0,0,0,1,2,3,2,0,3,1,3,0,0,0,4,0,1,1,0,2,752
278,PRA.VI.RAGUPURA,443,361,0,804,295,205,0,500,486,0,2,273,32,175,1,0,0,0,0,0,1,0,1,1,1,2,0,4,1,0,0,0,1,0,0,0,2,2,1,500
279,PRA.VI.AHIRPURA,388,330,0,718,333,239,0,572,572,0,1,133,126,300,1,0,0,0,0,0,0,0,1,3,2,0,0,1,1,0,0,1,0,0,0,0,1,1,0,572
280,PRA.VI.AARI,231,185,0,416,156,146,0,302,202,0,1,207,27,37,2,0,0,0,0,0,2,0,0,8,3,3,1,1,0,0,0,2,1,1,1,2,0,1,2,302
281,PRA.VI.NAUHRIKA,510,397,0,907,365,253,0,618,618,0,1,242,179,183,1,0,0,0,0,0,0,0,1,4,1,0,1,0,0,0,0,0,1,1,1,0,2,0,0,618
282,"PRA.VI.NAGLA SHEKHUPUR",273,240,0,513,189,141,0,330,176,0,1,124,53,121,3,0,1,0,0,0,2,2,2,5,4,2,0,2,2,0,1,0,0,2,0,0,2,0,1,330
283,"PRA.VI.MAHAV K.N.1",313,268,0,581,207,131,0,338,55,0,2,209,15,89,0,1,0,0,1,0,0,1,0,7,1,2,1,0,3,1,0,0,0,0,0,1,1,1,2,338
284,"PRA.VI.MAHAV K.N.2",533,422,0,955,410,134,0,544,544,0,4,309,31,166,1,1,0,3,0,0,1,2,2,7,2,1,1,3,4,3,0,0,0,1,0,1,0,0,1,544
285,"PRA.VI.MAHAV K.N.3",402,355,0,757,274,219,0,493,493,0,4,146,7,304,1,1,0,0,2,1,2,0,2,2,2,2,0,1,2,1,2,1,3,3,0,2,0,1,1,493
286,PRA.VI.MOHANPUR,403,344,0,747,280,210,0,490,490,0,0,221,15,215,2,2,1,0,0,1,0,1,1,1,2,3,0,3,1,13,0,0,2,0,0,1,0,4,1,490
287,PRA.VI.VANVARIYAPURA,357,269,0,626,268,189,0,457,46,0,3,408,24,21,0,0,0,0,0,0,0,0,0,0,1,0,0,0,0,0,0,0,0,0,0,0,0,0,0,457
288,"PRA.VI.VRATHALA K.N.1",819,583,0,1402,478,310,0,788,780,0,7,443,103,180,1,0,2,2,0,0,7,1,1,9,1,2,2,2,1,2,1,0,3,4,1,2,2,4,5,788
289,"PRA.VI.VRATHALA K.N.2",433,312,0,745,274,167,0,441,188,0,3,275,23,120,2,0,0,2,0,0,0,0,0,1,2,1,1,0,1,2,0,0,0,1,0,2,1,3,1,441
290,PRA.VI.VARPURA,411,288,0,699,269,180,0,449,447,0,5,203,120,111,0,1,0,0,0,1,0,0,0,2,2,2,0,0,1,0,0,0,0,1,0,0,0,0,0,449
291,PRA.VI.SILOKHAR,369,270,0,639,296,173,0,469,469,0,4,252,119,83,0,0,0,0,0,0,0,1,1,1,4,1,0,0,1,0,0,0,0,1,0,0,0,1,0,469
292,"PRA.VI.BHARBHUJA PURA",646,526,0,1172,477,347,0,824,22,0,2,152,261,321,4,1,0,0,1,1,2,2,2,4,2,4,1,13,8,21,0,3,3,2,1,2,6,2,3,824
293,PRA.VI.KHEDIYA,744,596,0,1340,485,380,0,865,841,0,1,87,591,143,2,0,0,1,0,0,1,0,2,14,1,4,0,1,2,2,0,0,1,2,0,1,3,2,4,865
294,"KISAN INTER COLLAGE DUNDIPURA K.N.1",228,178,0,406,149,76,0,225,225,0,1,91,72,49,1,0,0,1,1,0,0,0,1,2,1,1,0,0,0,1,0,0,0,0,0,0,2,1,0,225
295,"KISAN INTER COLLAGE DUNDIPURA K.N.2",452,299,0,751,289,148,0,437,437,0,2,53,199,170,1,0,1,0,1,1,0,1,1,1,0,0,0,1,1,0,1,0,1,1,0,0,1,0,0,437
296,"KISAN INTER COLLAGE DUNDIPURA K.N.3",525,532,0,1057,357,294,0,651,651,0,0,41,460,138,2,0,0,0,0,0,0,1,0,0,0,0,0,0,1,0,3,1,1,1,0,0,2,0,0,651
297,"PRA.VI.GARHI AHIR",272,212,0,484,179,129,0,308,308,0,1,70,54,168,4,0,0,1,0,0,0,0,0,1,0,4,0,0,0,2,0,0,0,0,1,0,1,1,0,308
298,"PRA.VI.RAHLAI K.N.1",628,457,0,1085,406,222,0,628,628,0,3,402,50,144,0,0,0,3,0,1,1,0,0,5,1,0,0,1,1,1,0,1,2,3,3,2,1,2,1,628
299,"PRA.VI.RAHLAI K.N.2",834,616,0,1450,526,275,0,801,750,0,6,584,48,118,1,0,0,0,0,3,1,0,3,8,3,0,1,5,1,2,2,2,0,1,0,3,5,1,3,801
300,PRA.VI.PACHMORI,573,440,0,1013,433,264,0,697,694,0,18,254,141,225,2,1,0,1,1,0,1,0,2,11,3,3,0,3,6,1,0,3,2,5,0,4,5,2,3,697
301,"SARV.I.KA. IRADATNAGAR K.N.1",748,630,0,1378,524,409,0,933,933,0,15,505,210,168,1,0,0,1,1,1,0,1,5,6,4,3,0,1,0,1,0,1,0,1,0,3,1,2,2,933
302,"SARV.I. KA. IRADATNAGAR K.N.2",724,586,0,1310,384,330,0,714,291,0,9,340,71,243,3,1,1,1,0,0,1,1,2,2,0,0,1,4,2,4,1,3,2,8,0,3,5,3,3,714
303,"PRA.VI.GAUHARRA BAVARPUR",488,397,0,885,312,244,0,556,377,0,2,219,42,254,1,0,0,0,0,0,0,0,4,5,6,2,0,4,0,3,0,0,1,2,0,5,4,0,2,556
304,"PRA.VI.BASAI KALA",544,453,0,997,378,277,0,655,652,0,2,408,39,184,2,2,1,1,0,1,0,0,2,4,2,0,0,2,1,1,0,0,0,0,0,1,1,1,0,655
305,PRA.VI.GUNJANPURA,201,179,0,380,169,120,0,289,105,0,1,124,34,126,2,0,0,0,0,0,0,0,0,0,0,0,0,0,0,0,0,0,0,0,0,0,1,1,0,289
306,PRA.VI.SADUPURA,244,204,0,448,157,95,0,252,239,0,0,112,60,62,0,0,1,3,0,1,0,0,2,2,3,1,0,0,1,2,0,0,1,0,1,0,0,0,0,252
307,PRA.VI.THAPAIDA,511,459,0,970,293,232,0,525,492,0,5,244,41,192,1,0,1,1,0,1,1,1,2,5,1,1,1,1,1,4,0,1,4,1,1,4,3,2,5,525
308,PRA.VI.SHERPUR,382,316,0,698,278,220,0,498,498,0,3,266,37,176,1,0,1,2,0,0,0,2,1,1,1,0,0,1,0,0,0,0,1,1,0,2,1,0,1,498
309,"PRA.VI.PUSAINTA K.N.1",676,492,0,1168,466,300,0,766,766,0,3,544,112,78,2,0,1,1,0,0,0,0,1,6,7,2,0,3,3,0,0,0,0,1,0,0,1,1,0,766
310,"PRA.VI.PUSAINTA K.N.2",555,443,2,1000,350,186,0,536,394,0,1,415,29,70,0,1,1,2,0,0,1,2,1,2,3,1,0,0,0,1,0,0,1,1,2,0,1,1,0,536
311,PU.MA.VI.PUSAINTA,337,267,0,604,245,136,0,381,44,0,1,145,5,211,1,1,0,1,0,0,0,0,3,1,3,1,0,1,2,0,0,0,1,1,0,0,1,2,0,381
312,PRA.VI.MOTIYAPURA,320,225,0,545,231,151,0,382,178,0,1,233,8,108,3,0,0,16,0,0,0,0,1,5,4,1,0,0,0,0,1,0,0,0,0,0,1,0,0,382
313,PRA.VI.BHAJJUPURA,571,432,0,1003,320,177,0,497,497,0,5,337,61,60,1,2,0,4,0,0,0,0,0,7,6,1,0,2,1,0,0,1,2,1,0,1,2,0,3,497
314,PRA.VI.BHIDAWALI,534,408,0,942,400,220,0,620,620,0,2,409,54,130,0,0,1,2,0,1,0,0,0,6,0,1,0,1,0,0,0,0,1,2,0,6,1,1,2,620
315,PRA.VI.MOTIPURA,329,232,0,561,199,139,0,338,328,0,1,98,142,75,0,1,0,3,0,0,7,1,1,4,0,0,0,1,0,0,0,1,2,1,0,0,0,0,0,338
316,"PRA.VI.MIHAVA .K.N.1",423,266,0,689,265,137,0,402,401,0,0,255,80,55,0,0,0,0,0,1,0,0,0,1,0,1,0,5,0,2,0,0,0,1,0,0,0,0,1,402
317,"PRA.VI.MIHAVA .K.N.2",530,454,0,984,380,257,0,637,637,0,1,359,150,108,2,1,0,2,0,1,0,0,1,2,1,1,1,1,0,4,0,1,0,0,0,0,0,0,1,637
318,PRA.VI.CHHATTAPURA,364,232,0,596,216,113,0,329,319,0,6,127,118,49,0,0,0,2,0,0,0,0,0,4,2,0,0,3,3,4,0,0,0,4,1,3,2,0,1,329
319,PRA.VI.MAHDEVA,701,614,0,1315,410,357,0,767,52,0,1,308,193,223,4,3,2,3,1,0,0,0,5,10,3,3,1,2,0,1,0,0,1,1,0,0,0,0,2,767
320,PRA.VI.DARHAKI,747,551,0,1298,493,373,0,866,866,0,5,433,201,196,3,0,0,1,1,0,0,0,5,8,1,0,0,1,1,2,0,0,0,2,2,1,2,0,1,866
