ID,Key,Type,Value,Year
148,420,IPC,3,2014
148,467,IPC,2,2014
148,468,IPC,2,2014
148,307,IPC,1,2014
148,379,IPC,1,2014
148,411,IPC,1,2014
148,131,IPC,1,2014
148,133,IPC,1,2014
148,120,IPC,4,2014
148,188,IPC,3,2014
148,471,IPC,2,2014
148,341,IPC,2,2014
148,342,IPC,2,2014
148,114,IPC,1,2014
148,116,IPC,1,2014
148,147,IPC,1,2014
148,148,IPC,1,2014
148,149,IPC,1,2014
148,323,IPC,1,2014
148,427,IPC,1,2014
148,337,IPC,1,2014
148,353,IPC,1,2014
148,504,IPC,1,2014
340,143,IPC,1,2014
340,147,IPC,1,2014
340,149,IPC,1,2014
340,283,IPC,1,2014
3955,474,IPC,1,2014
3955,143,IPC,1,2014
3955,341,IPC,1,2014
3955,188,IPC,1,2014
3955,285,IPC,1,2014
3955,416,IPC,1,2014
3955,419,IPC,1,2014
3955,463,IPC,1,2014
3955,464,IPC,1,2014
3955,465,IPC,1,2014
3955,471,IPC,1,2014
5202,498,IPC,2,2014
5202,295,IPC,1,2014
5202,506,IPC,1,2014
5202,323,IPC,1,2014
5202,504,IPC,1,2014
5202,34,IPC,1,2014
700,143,IPC,1,2014
700,147,IPC,1,2014
700,28,IPC,1,2014
700,188,IPC,1,2014
700,149,IPC,1,2014
5583,188,IPC,3,2014
1951,406,IPC,1,2014
1951,420,IPC,1,2014
1951,468,IPC,1,2014
1951,34,IPC,1,2014
5949,324,IPC,1,2014
5949,506,IPC,1,2014
5949,500,IPC,1,2014
5949,323,IPC,1,2014
5949,504,IPC,1,2014
5949,34,IPC,1,2014
258,307,IPC,3,2014
258,324,IPC,2,2014
258,452,IPC,2,2014
258,326,IPC,1,2014
258,253,IPC,1,2014
258,143,IPC,4,2014
258,147,IPC,4,2014
258,148,IPC,3,2014
258,149,IPC,3,2014
258,323,IPC,2,2014
258,427,IPC,1,2014
258,341,IPC,1,2014
3827,364,IPC,1,2014
3827,307,IPC,1,2014
3827,506,IPC,1,2014
3827,332,IPC,1,2014
3827,148,IPC,1,2014
3827,149,IPC,1,2014
3827,353,IPC,1,2014
3827,323,IPC,1,2014
3827,427,IPC,1,2014
3827,337,IPC,1,2014
3827,147,IPC,1,2014
1212,143,IPC,1,2014
1212,145,IPC,1,2014
1212,147,IPC,1,2014
1212,283,IPC,1,2014
1212,290,IPC,1,2014
1212,149,IPC,1,2014
4355,153,IPC,1,2014
4355,332,IPC,1,2014
4355,506,IPC,1,2014
4355,307,IPC,1,2014
4355,341,IPC,1,2014
4355,323,IPC,1,2014
4355,147,IPC,1,2014
4355,148,IPC,1,2014
4355,149,IPC,1,2014
4355,353,IPC,1,2014
4355,120,IPC,1,2014
5629,452,IPC,1,2014
5629,506,IPC,1,2014
5629,143,IPC,1,2014
5629,144,IPC,1,2014
5629,147,IPC,1,2014
5629,148,IPC,1,2014
5629,149,IPC,1,2014
5629,427,IPC,1,2014
5629,120,IPC,1,2014
4475,307,IPC,1,2014
4475,341,IPC,1,2014
4475,323,IPC,1,2014
4475,504,IPC,1,2014
4475,34,IPC,1,2014
3391,506,IPC,2,2014
3391,324,IPC,1,2014
3391,332,IPC,1,2014
3391,307,IPC,1,2014
3391,333,IPC,1,2014
3391,505,IPC,1,2014
3391,143,IPC,5,2014
3391,341,IPC,3,2014
3391,147,IPC,3,2014
3391,353,IPC,3,2014
3391,149,IPC,2,2014
3391,323,IPC,2,2014
3391,504,IPC,2,2014
3391,153,IPC,1,2014
3391,186,IPC,1,2014
3391,117,IPC,1,2014
3391,120,IPC,1,2014
3391,177,IPC,1,2014
3391,188,IPC,1,2014
3391,182,IPC,1,2014
3391,203,IPC,1,2014
3391,500,IPC,1,2014
3391,34,IPC,1,2014
3391,148,IPC,1,2014
3391,337,IPC,1,2014
3391,151,IPC,1,2014
3391,152,IPC,1,2014
5931,332,IPC,2,2014
5931,324,IPC,2,2014
5931,451,IPC,1,2014
5931,452,IPC,1,2014
5931,143,IPC,5,2014
5931,147,IPC,4,2014
5931,427,IPC,4,2014
5931,149,IPC,3,2014
5931,353,IPC,2,2014
5931,504,IPC,2,2014
5931,145,IPC,2,2014
5931,336,IPC,2,2014
5931,120,IPC,2,2014
5931,148,IPC,1,2014
5931,447,IPC,1,2014
5931,141,IPC,1,2014
315,499,IPC,1,2014
315,500,IPC,1,2014
2487,143,IPC,1,2014
2487,147,IPC,1,2014
2487,149,IPC,1,2014
2487,283,IPC,1,2014
2487,188,IPC,1,2014
2508,143,IPC,4,2014
2508,147,IPC,4,2014
2508,149,IPC,4,2014
2508,283,IPC,2,2014
2508,148,IPC,1,2014
2508,188,IPC,1,2014
2508,447,IPC,1,2014
1986,143,IPC,1,2014
1986,145,IPC,1,2014
1986,147,IPC,1,2014
1986,341,IPC,1,2014
1986,149,IPC,1,2014
694,188,IPC,2,2014
694,143,IPC,1,2014
694,145,IPC,1,2014
694,147,IPC,1,2014
694,183,IPC,1,2014
694,149,IPC,1,2014
706,143,IPC,1,2014
706,147,IPC,1,2014
706,342,IPC,1,2014
706,353,IPC,1,2014
706,149,IPC,1,2014
706,447,IPC,1,2014
712,332,IPC,2,2014
712,354,IPC,1,2014
712,143,IPC,4,2014
712,147,IPC,4,2014
712,188,IPC,4,2014
712,149,IPC,4,2014
959,143,IPC,1,2014
959,147,IPC,1,2014
959,149,IPC,1,2014
959,283,IPC,1,2014
959,353,IPC,1,2014
2578,420,IPC,2,2014
2578,34,IPC,2,2014
3569,332,IPC,1,2014
3569,147,IPC,1,2014
3569,148,IPC,1,2014
3569,149,IPC,1,2014
3569,353,IPC,1,2014
3569,336,IPC,1,2014
3569,427,IPC,1,2014
3873,452,IPC,1,2014
3873,379,IPC,1,2014
3873,290,IPC,2,2014
3873,135,IPC,1,2014
3873,143,IPC,1,2014
3873,341,IPC,1,2014
3873,353,IPC,1,2014
7078,332,IPC,2,2014
7078,147,IPC,3,2014
7078,341,IPC,2,2014
7078,323,IPC,2,2014
7078,353,IPC,1,2014
7078,148,IPC,1,2014
7078,143,IPC,1,2014
7078,188,IPC,1,2014
5867,420,IPC,4,2014
5867,468,IPC,2,2014
5867,467,IPC,2,2014
5867,406,IPC,1,2014
5867,506,IPC,1,2014
5867,472,IPC,1,2014
5867,409,IPC,1,2014
5867,120,IPC,3,2014
5867,34,IPC,2,2014
5867,471,IPC,2,2014
5867,419,IPC,1,2014
5867,465,IPC,1,2014
5867,109,IPC,1,2014
5867,144,IPC,1,2014
5867,120,IPC,1,2014
5867,418,IPC,1,2014
5867,469,IPC,1,2014
926,123,IPC,1,2014
926,126,IPC,1,2014
926,366,IPC,1,2014
926,134,IPC,1,2014
926,506,IPC,1,2014
926,131,IPC,1,2014
926,135,IPC,5,2014
926,143,IPC,3,2014
926,188,IPC,1,2014
926,34,IPC,1,2014
926,341,IPC,1,2014
926,427,IPC,1,2014
926,294,IPC,1,2014
926,323,IPC,1,2014
926,147,IPC,1,2014
926,353,IPC,1,2014
2531,143,IPC,1,2014
2531,147,IPC,1,2014
2531,149,IPC,1,2014
2531,294,IPC,1,2014
729,341,IPC,1,2014
729,147,IPC,1,2014
729,148,IPC,1,2014
729,149,IPC,1,2014
729,500,IPC,1,2014
3107,302,IPC,1,2014
3107,506,IPC,1,2014
3107,452,IPC,1,2014
3107,147,IPC,1,2014
3107,323,IPC,1,2014
3107,504,IPC,1,2014
2847,171,IPC,1,2014
2847,143,IPC,2,2014
2847,353,IPC,2,2014
2847,323,IPC,1,2014
2847,342,IPC,1,2014
2847,341,IPC,1,2014
2847,427,IPC,1,2014
2847,120,IPC,1,2014
2847,171,IPC,1,2014
495,147,IPC,1,2014
495,149,IPC,1,2014
495,341,IPC,1,2014
4281,420,IPC,1,2014
4281,467,IPC,1,2014
4281,468,IPC,1,2014
4281,471,IPC,1,2014
591,147,IPC,1,2014
591,149,IPC,1,2014
591,341,IPC,1,2014
591,188,IPC,1,2014
2797,420,IPC,1,2014
2797,467,IPC,1,2014
2797,468,IPC,1,2014
2797,471,IPC,1,2014
1964,447,IPC,1,2014
1964,427,IPC,1,2014
2954,353,IPC,1,2014
2954,186,IPC,1,2014
2954,147,IPC,1,2014
2954,427,IPC,1,2014
4112,431,IPC,1,2014
4112,143,IPC,1,2014
4112,147,IPC,1,2014
4112,290,IPC,1,2014
4112,427,IPC,1,2014
4196,452,IPC,1,2014
4196,353,IPC,2,2014
4196,342,IPC,1,2014
4196,147,IPC,1,2014
4196,186,IPC,1,2014
4130,506,IPC,1,2014
4130,188,IPC,1,2014
4130,147,IPC,1,2014
4130,341,IPC,1,2014
4130,294,IPC,1,2014
4130,323,IPC,1,2014
4130,34,IPC,1,2014
3013,304,IPC,1,2014
3013,506,IPC,1,2014
3013,171,IPC,1,2014
3013,188,IPC,1,2014
4154,324,IPC,1,2014
4154,325,IPC,1,2014
4154,452,IPC,1,2014
4154,389,IPC,1,2014
4154,307,IPC,1,2014
4154,511,IPC,1,2014
4154,147,IPC,1,2014
4154,148,IPC,1,2014
4154,149,IPC,1,2014
4154,323,IPC,1,2014
4154,353,IPC,1,2014
4154,341,IPC,1,2014
4154,337,IPC,1,2014
5879,506,IPC,1,2014
5879,143,IPC,1,2014
5879,147,IPC,1,2014
5879,148,IPC,1,2014
5879,427,IPC,1,2014
6995,153,IPC,2,2014
6995,420,IPC,2,2014
6995,468,IPC,2,2014
6995,332,IPC,1,2014
6995,325,IPC,1,2014
6995,188,IPC,4,2014
6995,147,IPC,3,2014
6995,143,IPC,2,2014
6995,120,IPC,2,2014
6995,471,IPC,2,2014
6995,153,IPC,1,2014
6995,323,IPC,1,2014
6995,447,IPC,1,2014
6995,149,IPC,1,2014
6995,465,IPC,1,2014
6995,148,IPC,1,2014
6995,341,IPC,1,2014
6995,353,IPC,1,2014
2849,147,IPC,1,2014
2849,148,IPC,1,2014
2849,149,IPC,1,2014
2849,427,IPC,1,2014
2849,504,IPC,1,2014
2849,353,IPC,1,2014
2849,323,IPC,1,2014
4882,420,IPC,2,2014
4882,506,IPC,2,2014
4882,468,IPC,1,2014
4882,384,IPC,1,2014
4882,34,IPC,1,2014
3490,332,IPC,2,2014
3490,506,IPC,1,2014
3490,454,IPC,1,2014
3490,380,IPC,1,2014
3490,143,IPC,4,2014
3490,353,IPC,2,2014
3490,149,IPC,2,2014
3490,147,IPC,2,2014
3490,341,IPC,2,2014
3490,120,IPC,1,2014
3490,336,IPC,1,2014
3490,447,IPC,1,2014
3490,504,IPC,1,2014
3490,427,IPC,1,2014
3490,323,IPC,1,2014
3490,423,IPC,1,2014
3490,34,IPC,1,2014
1651,468,IPC,2,2014
1651,420,IPC,1,2014
1651,201,IPC,1,2014
1651,466,IPC,1,2014
1651,380,IPC,1,2014
1651,506,IPC,1,2014
1651,471,IPC,2,2014
1651,34,IPC,2,2014
1651,427,IPC,2,2014
1651,120,IPC,1,2014
1651,415,IPC,1,2014
1651,147,IPC,1,2014
1651,153,IPC,1,2014
1651,323,IPC,1,2014
1651,336,IPC,1,2014
695,302,IPC,1,2014
695,201,IPC,1,2014
695,120,IPC,1,2014
695,143,IPC,1,2014
695,147,IPC,1,2014
695,148,IPC,1,2014
695,341,IPC,1,2014
695,109,IPC,1,2014
695,207,IPC,1,2014
695,149,IPC,1,2014
2677,420,IPC,1,2014
2677,468,IPC,1,2014
3373,143,IPC,1,2014
3373,147,IPC,1,2014
3373,149,IPC,1,2014
3373,336,IPC,1,2014
3373,427,IPC,1,2014
3373,504,IPC,1,2014
3373,34,IPC,1,2014
4932,341,IPC,1,2014
584,333,IPC,1,2014
584,379,IPC,1,2014
584,337,IPC,2,2014
584,147,IPC,1,2014
584,148,IPC,1,2014
584,149,IPC,1,2014
584,353,IPC,1,2014
584,427,IPC,1,2014
2862,193,IPC,1,2014
2862,420,IPC,1,2014
2862,109,IPC,1,2014
2862,120,IPC,1,2014
2862,143,IPC,1,2014
2862,447,IPC,1,2014
2862,341,IPC,1,2014
7021,324,IPC,1,2014
7021,420,IPC,1,2014
7021,147,IPC,4,2014
7021,143,IPC,3,2014
7021,323,IPC,2,2014
7021,148,IPC,2,2014
7021,188,IPC,1,2014
764,188,IPC,1,2014
7439,507,IPC,1,2014
1634,506,IPC,1,2014
1634,353,IPC,1,2014
1634,323,IPC,1,2014
1634,504,IPC,1,2014
1219,188,IPC,1,2014
7158,406,IPC,4,2014
7158,420,IPC,4,2014
7158,120,IPC,1,2014
4017,379,IPC,1,2014
4017,411,IPC,1,2014
7371,324,IPC,1,2014
7371,147,IPC,1,2014
7371,148,IPC,1,2014
7371,323,IPC,1,2014
7371,500,IPC,1,2014
3377,506,IPC,1,2014
3377,323,IPC,1,2014
3377,352,IPC,1,2014
3377,355,IPC,1,2014
4193,147,IPC,1,2014
4193,341,IPC,1,2014
4193,188,IPC,1,2014
4193,171,IPC,1,2014
3109,506,IPC,6,2014
3109,332,IPC,4,2014
3109,364,IPC,2,2014
3109,452,IPC,1,2014
3109,392,IPC,1,2014
3109,302,IPC,1,2014
3109,147,IPC,6,2014
3109,504,IPC,5,2014
3109,341,IPC,4,2014
3109,353,IPC,2,2014
3109,352,IPC,2,2014
3109,144,IPC,2,2014
3109,323,IPC,1,2014
3624,467,IPC,1,2014
3624,468,IPC,1,2014
3624,420,IPC,1,2014
3624,465,IPC,1,2014
3624,471,IPC,1,2014
3624,34,IPC,1,2014
787,498,IPC,1,2014
787,506,IPC,1,2014
787,34,IPC,1,2014
2416,323,IPC,1,2014
2416,341,IPC,1,2014
2416,342,IPC,1,2014
2416,427,IPC,1,2014
2416,34,IPC,1,2014
621,435,IPC,1,2014
621,325,IPC,1,2014
621,371,IPC,1,2014
621,147,IPC,1,2014
621,148,IPC,1,2014
621,149,IPC,1,2014
621,341,IPC,1,2014
621,337,IPC,1,2014
621,427,IPC,1,2014
621,353,IPC,1,2014
621,109,IPC,1,2014
2915,506,IPC,1,2014
2915,353,IPC,1,2014
2915,294,IPC,1,2014
3338,406,IPC,1,2014
3340,153,IPC,1,2014
3340,505,IPC,1,2014
3340,298,IPC,1,2014
3392,138,IPC,1,2014
3392,188,IPC,1,2014
418,171,IPC,1,2014
418,332,IPC,1,2014
418,506,IPC,1,2014
418,143,IPC,1,2014
418,188,IPC,1,2014
418,353,IPC,1,2014
418,504,IPC,1,2014
7617,324,IPC,1,2014
3677,452,IPC,1,2014
3677,117,IPC,1,2014
3677,34,IPC,1,2014
3677,143,IPC,1,2014
3677,147,IPC,1,2014
3677,148,IPC,1,2014
3677,149,IPC,1,2014
3677,427,IPC,1,2014
3113,394,IPC,1,2014
3113,411,IPC,1,2014
490,500,IPC,3,2014
490,120,IPC,2,2014
490,499,IPC,1,2014
490,501,IPC,1,2014
1052,500,IPC,4,2014
1052,499,IPC,2,2014
1052,501,IPC,2,2014
1052,469,IPC,1,2014
1052,447,IPC,1,2014
1052,186,IPC,1,2014
1052,503,IPC,1,2014
352,232,IPC,1,2014
352,324,IPC,1,2014
352,143,IPC,1,2014
352,341,IPC,1,2014
352,147,IPC,1,2014
352,149,IPC,1,2014
352,353,IPC,1,2014
352,186,IPC,1,2014
352,135,IPC,1,2014
1113,452,IPC,1,2014
1113,435,IPC,1,2014
1113,147,IPC,1,2014
1113,148,IPC,1,2014
1113,144,IPC,1,2014
1113,353,IPC,1,2014
1113,323,IPC,1,2014
1113,427,IPC,1,2014
1487,135,IPC,1,2014
3002,327,IPC,1,2014
3002,506,IPC,1,2014
3002,294,IPC,1,2014
3002,323,IPC,1,2014
3002,427,IPC,1,2014
3535,304,IPC,1,2014
3535,143,IPC,1,2014
3535,147,IPC,1,2014
7614,406,IPC,1,2014
7614,34,IPC,1,2014
3870,138,IPC,1,2014
3870,142,IPC,1,2014
1272,153,IPC,1,2014
1272,188,IPC,1,2014
7560,323,IPC,1,2014
7219,363,IPC,1,2014
7219,420,IPC,1,2014
7219,171,IPC,1,2014
2162,324,IPC,1,2014
2162,307,IPC,1,2014
2162,506,IPC,1,2014
2162,171,IPC,5,2014
2162,34,IPC,2,2014
2162,143,IPC,1,2014
2162,147,IPC,1,2014
2162,148,IPC,1,2014
2162,120,IPC,1,2014
2162,427,IPC,1,2014
2162,447,IPC,1,2014
288,232,IPC,1,2014
288,324,IPC,1,2014
288,326,IPC,1,2014
288,307,IPC,1,2014
288,283,IPC,2,2014
288,147,IPC,1,2014
288,148,IPC,1,2014
288,188,IPC,1,2014
288,353,IPC,1,2014
288,149,IPC,1,2014
3783,506,IPC,1,2014
3783,353,IPC,1,2014
3783,504,IPC,1,2014
3783,34,IPC,1,2014
399,420,IPC,7,2014
399,406,IPC,6,2014
399,468,IPC,6,2014
399,405,IPC,4,2014
399,466,IPC,1,2014
399,409,IPC,1,2014
399,120,IPC,8,2014
399,471,IPC,6,2014
399,463,IPC,5,2014
399,465,IPC,4,2014
399,464,IPC,1,2014
399,169,IPC,1,2014
399,177,IPC,1,2014
399,109,IPC,1,2014
1306,147,IPC,1,2014
1306,148,IPC,1,2014
1306,188,IPC,1,2014
1306,33,IPC,1,2014
1306,323,IPC,1,2014
4316,307,IPC,1,2014
4316,332,IPC,1,2014
4316,436,IPC,1,2014
4316,147,IPC,2,2014
4316,148,IPC,2,2014
4316,336,IPC,2,2014
4316,353,IPC,2,2014
4316,427,IPC,2,2014
4316,149,IPC,1,2014
4316,352,IPC,1,2014
4316,323,IPC,1,2014
4088,153,IPC,1,2014
4088,153,IPC,1,2014
4088,120,IPC,1,2014
4088,109,IPC,1,2014
6326,143,IPC,1,2014
6326,188,IPC,1,2014
3315,143,IPC,1,2014
3315,283,IPC,1,2014
3315,290,IPC,1,2014
3315,186,IPC,1,2014
3315,156,IPC,1,2014
5915,332,IPC,4,2014
5915,324,IPC,2,2014
5915,365,IPC,1,2014
5915,506,IPC,1,2014
5915,143,IPC,4,2014
5915,145,IPC,4,2014
5915,147,IPC,4,2014
5915,149,IPC,4,2014
5915,353,IPC,3,2014
5915,148,IPC,3,2014
5915,341,IPC,3,2014
5915,120,IPC,3,2014
5915,427,IPC,2,2014
5915,342,IPC,1,2014
5915,343,IPC,1,2014
5915,323,IPC,1,2014
5915,144,IPC,1,2014
5915,141,IPC,1,2014
7033,388,IPC,1,2014
7033,332,IPC,1,2014
7033,307,IPC,1,2014
7033,147,IPC,1,2014
7033,148,IPC,1,2014
7033,353,IPC,1,2014
7033,336,IPC,1,2014
7174,143,IPC,1,2014
7174,188,IPC,1,2014
7174,353,IPC,1,2014
4001,387,IPC,1,2014
4001,307,IPC,1,2014
4001,381,IPC,1,2014
4001,147,IPC,2,2014
4001,148,IPC,2,2014
4001,149,IPC,2,2014
4001,323,IPC,1,2014
4001,342,IPC,1,2014
4001,353,IPC,1,2014
5979,332,IPC,1,2014
5979,143,IPC,1,2014
5979,147,IPC,1,2014
5979,148,IPC,1,2014
5979,149,IPC,1,2014
5979,353,IPC,1,2014
5979,427,IPC,1,2014
1234,379,IPC,1,2014
1234,341,IPC,1,2014
1234,323,IPC,1,2014
1234,504,IPC,1,2014
2879,435,IPC,2,2014
2879,324,IPC,1,2014
2879,307,IPC,1,2014
2879,327,IPC,1,2014
2879,411,IPC,1,2014
2879,379,IPC,1,2014
2879,147,IPC,3,2014
2879,341,IPC,3,2014
2879,353,IPC,3,2014
2879,143,IPC,2,2014
2879,148,IPC,2,2014
2879,149,IPC,2,2014
2879,417,IPC,1,2014
2879,357,IPC,1,2014
2879,509,IPC,1,2014
2879,184,IPC,1,2014
2879,504,IPC,1,2014
2879,427,IPC,1,2014
2879,290,IPC,1,2014
2879,447,IPC,1,2014
2879,188,IPC,1,2014
2879,144,IPC,1,2014
2879,342,IPC,1,2014
2879,323,IPC,1,2014
1767,325,IPC,3,2014
1767,326,IPC,3,2014
1767,307,IPC,3,2014
1767,302,IPC,3,2014
1767,328,IPC,1,2014
1767,147,IPC,3,2014
1767,148,IPC,3,2014
1767,149,IPC,3,2014
1767,353,IPC,3,2014
1767,186,IPC,3,2014
1767,427,IPC,3,2014
1767,323,IPC,2,2014
4796,138,IPC,1,2014
3356,506,IPC,1,2014
3356,448,IPC,1,2014
3356,355,IPC,1,2014
3356,504,IPC,1,2014
3356,188,IPC,1,2014
3219,431,IPC,1,2014
3219,119,IPC,1,2014
3219,143,IPC,1,2014
3219,341,IPC,1,2014
3219,294,IPC,1,2014
3219,114,IPC,1,2014
4441,302,IPC,1,2014
4441,147,IPC,1,2014
4441,148,IPC,1,2014
4441,149,IPC,1,2014
632,477,IPC,1,2014
632,468,IPC,1,2014
632,406,IPC,1,2014
632,408,IPC,1,2014
632,409,IPC,1,2014
632,34,IPC,1,2014
814,143,IPC,1,2014
814,286,IPC,1,2014
814,186,IPC,1,2014
3326,341,IPC,1,2014
3326,143,IPC,1,2014
5596,306,IPC,1,2014
5596,34,IPC,1,2014
3360,324,IPC,1,2014
3360,506,IPC,1,2014
3360,188,IPC,3,2014
3360,143,IPC,3,2014
3360,504,IPC,3,2014
3360,147,IPC,2,2014
3360,323,IPC,2,2014
3360,341,IPC,2,2014
3360,417,IPC,1,2014
3360,149,IPC,1,2014
3360,353,IPC,1,2014
3360,106,IPC,1,2014
3360,447,IPC,1,2014
3360,14,IPC,1,2014
3360,343,IPC,1,2014
3360,336,IPC,1,2014
4674,147,IPC,1,2014
4674,148,IPC,1,2014
4674,149,IPC,1,2014
4674,323,IPC,1,2014
7075,147,IPC,1,2014
7075,188,IPC,1,2014
7075,341,IPC,1,2014
7075,285,IPC,1,2014
3403,341,IPC,1,2014
3403,143,IPC,1,2014
3403,149,IPC,1,2014
7239,420,IPC,2,2014
7239,467,IPC,2,2014
7239,468,IPC,2,2014
7239,471,IPC,2,2014
7239,34,IPC,2,2014
7239,465,IPC,1,2014
5960,395,IPC,1,2014
5960,397,IPC,1,2014
5960,398,IPC,1,2014
5960,401,IPC,1,2014
5960,409,IPC,1,2014
5960,304,IPC,1,2014
5960,402,IPC,1,2014
5960,467,IPC,1,2014
5960,341,IPC,1,2014
5960,141,IPC,1,2014
5960,144,IPC,1,2014
5960,147,IPC,1,2014
5960,148,IPC,1,2014
5960,149,IPC,1,2014
5960,427,IPC,1,2014
5960,182,IPC,1,2014
5960,166,IPC,1,2014
5960,167,IPC,1,2014
5960,177,IPC,1,2014
5960,471,IPC,1,2014
5960,199,IPC,1,2014
5960,200,IPC,1,2014
5960,34,IPC,1,2014
5960,120,IPC,1,2014
2834,147,IPC,1,2014
2834,145,IPC,1,2014
2834,149,IPC,1,2014
2834,447,IPC,1,2014
2834,427,IPC,1,2014
3972,255,IPC,1,2014
3972,147,IPC,1,2014
3972,149,IPC,1,2014
3972,283,IPC,1,2014
3972,341,IPC,1,2014
3972,323,IPC,1,2014
3972,427,IPC,1,2014
3972,504,IPC,1,2014
3241,420,IPC,1,2014
3241,406,IPC,1,2014
3241,467,IPC,1,2014
3241,468,IPC,1,2014
3241,120,IPC,1,2014
3241,465,IPC,1,2014
3241,471,IPC,1,2014
809,506,IPC,1,2014
809,147,IPC,1,2014
809,294,IPC,1,2014
809,323,IPC,1,2014
809,427,IPC,1,2014
809,149,IPC,1,2014
680,171,IPC,1,2014
680,188,IPC,1,2014
161,218,IPC,1,2014
161,471,IPC,1,2014
161,465,IPC,1,2014
624,506,IPC,1,2014
624,448,IPC,1,2014
624,353,IPC,1,2014
624,504,IPC,1,2014
624,109,IPC,1,2014
585,511,IPC,1,2014
585,147,IPC,1,2014
585,149,IPC,1,2014
585,186,IPC,1,2014
585,447,IPC,1,2014
4838,506,IPC,1,2014
4838,447,IPC,1,2014
4838,427,IPC,1,2014
4838,34,IPC,1,2014
4350,506,IPC,1,2014
4350,449,IPC,1,2014
4350,307,IPC,1,2014
4350,353,IPC,3,2014
4350,147,IPC,2,2014
4350,143,IPC,2,2014
4350,427,IPC,2,2014
4350,447,IPC,1,2014
4350,34,IPC,1,2014
4350,37,IPC,1,2014
4350,186,IPC,1,2014
4350,149,IPC,1,2014
4350,148,IPC,1,2014
4350,283,IPC,1,2014
2569,384,IPC,3,2014
2569,506,IPC,3,2014
2569,511,IPC,2,2014
2569,504,IPC,3,2014
2569,500,IPC,3,2014
2569,447,IPC,2,2014
2569,502,IPC,1,2014
2569,499,IPC,1,2014
2569,501,IPC,1,2014
2569,34,IPC,1,2014
2977,307,IPC,1,2014
2977,147,IPC,1,2014
2977,148,IPC,1,2014
2977,149,IPC,1,2014
2977,336,IPC,1,2014
328,143,IPC,10,2014
328,149,IPC,10,2014
328,283,IPC,10,2014
328,147,IPC,8,2014
328,188,IPC,7,2014
328,151,IPC,3,2014
297,143,IPC,1,2014
297,283,IPC,1,2014
297,149,IPC,1,2014
480,324,IPC,1,2014
480,435,IPC,1,2014
480,436,IPC,1,2014
480,452,IPC,1,2014
480,307,IPC,1,2014
480,353,IPC,2,2014
480,188,IPC,1,2014
480,504,IPC,1,2014
480,144,IPC,1,2014
480,341,IPC,1,2014
480,342,IPC,1,2014
480,147,IPC,1,2014
480,148,IPC,1,2014
480,323,IPC,1,2014
480,427,IPC,1,2014
480,479,IPC,1,2014
480,321,IPC,1,2014
480,509,IPC,1,2014
2763,188,IPC,1,2014
2763,296,IPC,1,2014
2763,298,IPC,1,2014
2763,34,IPC,1,2014
5156,332,IPC,1,2014
5156,506,IPC,1,2014
5156,147,IPC,3,2014
5156,323,IPC,3,2014
5156,143,IPC,2,2014
5156,427,IPC,2,2014
5156,353,IPC,2,2014
5156,341,IPC,2,2014
5156,188,IPC,1,2014
5156,342,IPC,1,2014
5156,186,IPC,1,2014
5156,500,IPC,1,2014
5156,148,IPC,1,2014
5156,504,IPC,1,2014
5156,114,IPC,1,2014
5156,117,IPC,1,2014
5156,149,IPC,1,2014
4152,420,IPC,1,2014
4152,406,IPC,1,2014
4152,409,IPC,1,2014
4152,467,IPC,1,2014
4152,468,IPC,1,2014
4152,474,IPC,1,2014
4152,34,IPC,3,2014
4152,341,IPC,2,2014
4152,323,IPC,2,2014
4152,342,IPC,1,2014
4152,504,IPC,1,2014
4152,188,IPC,1,2014
4152,471,IPC,1,2014
4152,120,IPC,1,2014
4231,420,IPC,3,2014
4231,406,IPC,1,2014
4231,120,IPC,1,2014
920,143,IPC,2,2014
920,341,IPC,2,2014
5822,141,IPC,1,2014
5822,341,IPC,1,2014
943,406,IPC,2,2014
943,143,IPC,1,2014
943,341,IPC,1,2014
943,42,IPC,1,2014
943,427,IPC,1,2014
943,336,IPC,1,2014
943,117,IPC,1,2014
943,504,IPC,1,2014
943,500,IPC,1,2014
7063,500,IPC,1,2014
331,143,IPC,1,2014
331,147,IPC,1,2014
331,149,IPC,1,2014
331,188,IPC,1,2014
331,283,IPC,1,2014
4019,379,IPC,1,2014
4019,147,IPC,1,2014
4019,148,IPC,1,2014
4019,149,IPC,1,2014
4019,447,IPC,1,2014
4019,353,IPC,1,2014
4019,427,IPC,1,2014
1991,506,IPC,1,2014
1991,409,IPC,1,2014
1991,420,IPC,1,2014
1991,143,IPC,1,2014
1991,147,IPC,1,2014
1991,504,IPC,1,2014
1991,341,IPC,1,2014
1991,149,IPC,1,2014
1991,120,IPC,1,2014
1991,403,IPC,1,2014
1854,457,IPC,1,2014
1854,451,IPC,1,2014
1854,323,IPC,1,2014
2472,186,IPC,1,2014
2472,353,IPC,1,2014
4811,420,IPC,1,2014
4811,467,IPC,1,2014
4811,468,IPC,1,2014
4811,201,IPC,1,2014
4811,138,IPC,1,2014
4811,120,IPC,1,2014
4811,34,IPC,1,2014
4811,323,IPC,1,2014
3327,332,IPC,1,2014
3327,333,IPC,1,2014
3327,143,IPC,5,2014
3327,341,IPC,3,2014
3327,323,IPC,2,2014
3327,448,IPC,1,2014
3327,504,IPC,1,2014
3327,353,IPC,1,2014
3327,147,IPC,1,2014
3327,148,IPC,1,2014
3327,336,IPC,1,2014
3327,337,IPC,1,2014
3344,341,IPC,1,2014
3344,499,IPC,1,2014
3344,500,IPC,1,2014
1739,406,IPC,1,2014
1739,420,IPC,1,2014
844,506,IPC,1,2014
844,143,IPC,2,2014
844,147,IPC,2,2014
844,341,IPC,1,2014
844,504,IPC,1,2014
844,427,IPC,1,2014
844,109,IPC,1,2014
844,188,IPC,1,2014
844,149,IPC,1,2014
1283,506,IPC,1,2014
7502,406,IPC,1,2014
7502,420,IPC,1,2014
7502,363,IPC,1,2014
7502,341,IPC,1,2014
7502,147,IPC,1,2014
7502,188,IPC,1,2014
3510,171,IPC,1,2014
3510,188,IPC,1,2014
5619,143,IPC,1,2014
5619,341,IPC,1,2014
2659,505,IPC,2,2014
2659,153,IPC,1,2014
2659,384,IPC,1,2014
2659,307,IPC,1,2014
2659,379,IPC,1,2014
2659,188,IPC,3,2014
2659,341,IPC,3,2014
2659,323,IPC,2,2014
2659,147,IPC,2,2014
2659,148,IPC,2,2014
2659,149,IPC,2,2014
2659,504,IPC,1,2014
2659,337,IPC,1,2014
2659,34,IPC,1,2014
2659,150,IPC,1,2014
2659,151,IPC,1,2014
2659,152,IPC,1,2014
2659,157,IPC,1,2014
2659,160,IPC,1,2014
1154,506,IPC,1,2014
1154,341,IPC,1,2014
1154,353,IPC,1,2014
1154,427,IPC,1,2014
1154,294,IPC,1,2014
1154,34,IPC,1,2014
1154,143,IPC,1,2014
1154,283,IPC,1,2014
1154,149,IPC,1,2014
3628,452,IPC,1,2014
3628,456,IPC,1,2014
3628,511,IPC,1,2014
3628,506,IPC,1,2014
3628,376,IPC,1,2014
3628,324,IPC,1,2014
3628,354,IPC,1,2014
3628,384,IPC,1,2014
3628,34,IPC,2,2014
3628,153,IPC,1,2014
3628,157,IPC,1,2014
3628,143,IPC,1,2014
3628,147,IPC,1,2014
3628,160,IPC,1,2014
3628,323,IPC,1,2014
3628,504,IPC,1,2014
5855,147,IPC,2,2014
5855,149,IPC,2,2014
5855,353,IPC,2,2014
5855,504,IPC,2,2014
5855,143,IPC,2,2014
5855,146,IPC,1,2014
5855,341,IPC,1,2014
696,307,IPC,2,2014
696,324,IPC,1,2014
696,201,IPC,1,2014
696,302,IPC,1,2014
696,143,IPC,2,2014
696,147,IPC,2,2014
696,120,IPC,2,2014
696,109,IPC,2,2014
696,148,IPC,1,2014
696,149,IPC,1,2014
696,323,IPC,1,2014
696,427,IPC,1,2014
696,341,IPC,1,2014
2885,307,IPC,1,2014
2885,379,IPC,1,2014
2885,324,IPC,1,2014
2885,411,IPC,1,2014
2885,427,IPC,2,2014
2885,147,IPC,1,2014
2885,148,IPC,1,2014
2885,149,IPC,1,2014
2885,447,IPC,1,2014
2885,323,IPC,1,2014
2885,426,IPC,1,2014
1037,406,IPC,2,2014
1037,420,IPC,2,2014
1037,506,IPC,2,2014
1037,504,IPC,2,2014
1037,120,IPC,1,2014
2869,148,IPC,4,2014
2869,149,IPC,4,2014
2869,188,IPC,4,2014
2869,147,IPC,3,2014
2869,427,IPC,3,2014
2869,341,IPC,3,2014
2869,323,IPC,3,2014
2869,353,IPC,2,2014
2869,143,IPC,2,2014
2869,500,IPC,1,2014
2869,337,IPC,1,2014
2869,291,IPC,1,2014
2869,504,IPC,1,2014
2869,447,IPC,1,2014
2869,144,IPC,1,2014
1981,468,IPC,2,2014
1981,201,IPC,1,2014
1981,420,IPC,1,2014
1981,120,IPC,2,2014
1981,471,IPC,2,2014
1981,465,IPC,1,2014
4381,431,IPC,1,2014
4381,143,IPC,1,2014
4381,147,IPC,1,2014
4381,290,IPC,1,2014
4381,427,IPC,1,2014
3375,143,IPC,1,2014
3375,147,IPC,1,2014
3375,336,IPC,1,2014
3375,337,IPC,1,2014
2920,324,IPC,1,2014
2920,294,IPC,1,2014
2920,34,IPC,1,2014
3574,188,IPC,1,2014
3532,171,IPC,1,2014
295,143,IPC,1,2014
295,147,IPC,1,2014
295,188,IPC,1,2014
295,283,IPC,1,2014
295,149,IPC,1,2014
997,419,IPC,1,2014
3848,379,IPC,1,2014
3848,332,IPC,1,2014
3848,353,IPC,2,2014
3848,147,IPC,1,2014
3848,148,IPC,1,2014
3848,149,IPC,1,2014
3848,336,IPC,1,2014
3848,427,IPC,1,2014
3848,323,IPC,1,2014
3848,504,IPC,1,2014
543,341,IPC,1,2014
5890,324,IPC,1,2014
5890,506,IPC,1,2014
5890,323,IPC,1,2014
5890,504,IPC,1,2014
5890,34,IPC,1,2014
111,188,IPC,1,2014
4253,332,IPC,1,2014
4253,147,IPC,1,2014
4253,336,IPC,1,2014
4253,352,IPC,1,2014
311,325,IPC,1,2014
311,326,IPC,1,2014
311,307,IPC,1,2014
311,379,IPC,1,2014
311,506,IPC,1,2014
311,147,IPC,1,2014
311,148,IPC,1,2014
311,149,IPC,1,2014
2158,326,IPC,1,2014
2158,420,IPC,1,2014
3852,420,IPC,1,2014
3852,477,IPC,1,2014
3852,468,IPC,1,2014
3852,464,IPC,1,2014
3852,465,IPC,1,2014
3852,197,IPC,1,2014
3852,34,IPC,1,2014
2980,148,IPC,1,2014
2980,323,IPC,1,2014
2980,149,IPC,1,2014
2980,427,IPC,1,2014
2980,294,IPC,1,2014
2329,452,IPC,2,2014
2329,332,IPC,2,2014
2329,149,IPC,3,2014
2329,147,IPC,3,2014
2329,353,IPC,2,2014
2329,336,IPC,1,2014
2329,342,IPC,1,2014
2329,323,IPC,1,2014
2329,186,IPC,1,2014
2671,171,IPC,1,2014
2671,171,IPC,1,2014
2671,188,IPC,1,2014
192,498,IPC,1,2014
192,506,IPC,1,2014
192,504,IPC,1,2014
192,34,IPC,1,2014
2429,500,IPC,1,2014
65,325,IPC,1,2014
65,332,IPC,1,2014
65,147,IPC,2,2014
65,149,IPC,2,2014
65,427,IPC,2,2014
65,186,IPC,1,2014
65,323,IPC,1,2014
65,353,IPC,1,2014
65,341,IPC,1,2014
668,506,IPC,3,2014
668,332,IPC,2,2014
668,307,IPC,2,2014
668,333,IPC,1,2014
668,435,IPC,1,2014
668,225,IPC,1,2014
668,504,IPC,3,2014
668,147,IPC,3,2014
668,148,IPC,2,2014
668,149,IPC,2,2014
668,353,IPC,2,2014
668,336,IPC,2,2014
668,224,IPC,1,2014
668,427,IPC,1,2014
280,406,IPC,1,2014
927,341,IPC,1,2014
927,186,IPC,1,2014
927,34,IPC,1,2014
927,353,IPC,1,2014
4482,115,IPC,1,2014
4482,307,IPC,1,2014
4482,326,IPC,1,2014
4482,332,IPC,1,2014
4482,333,IPC,1,2014
4482,302,IPC,1,2014
4482,188,IPC,4,2014
4482,147,IPC,1,2014
4482,148,IPC,1,2014
4482,149,IPC,1,2014
4482,114,IPC,1,2014
4482,337,IPC,1,2014
4482,338,IPC,1,2014
4482,353,IPC,1,2014
4482,186,IPC,1,2014
4482,171,IPC,1,2014
4482,34,IPC,1,2014
4916,332,IPC,4,2014
4916,506,IPC,3,2014
4916,420,IPC,1,2014
4916,467,IPC,1,2014
4916,468,IPC,1,2014
4916,452,IPC,1,2014
4916,307,IPC,1,2014
4916,153,IPC,1,2014
4916,147,IPC,14,2014
4916,353,IPC,9,2014
4916,504,IPC,5,2014
4916,188,IPC,4,2014
4916,341,IPC,3,2014
4916,336,IPC,3,2014
4916,283,IPC,3,2014
4916,342,IPC,2,2014
4916,323,IPC,2,2014
4916,427,IPC,2,2014
4916,148,IPC,1,2014
4916,149,IPC,1,2014
4916,419,IPC,1,2014
4916,471,IPC,1,2014
663,188,IPC,1,2014
663,353,IPC,1,2014
663,341,IPC,1,2014
1247,323,IPC,1,2014
1247,504,IPC,1,2014
7569,451,IPC,1,2014
7569,171,IPC,1,2014
7569,188,IPC,2,2014
7569,147,IPC,1,2014
7569,149,IPC,1,2014
7569,427,IPC,1,2014
7569,143,IPC,1,2014
7569,286,IPC,1,2014
5847,147,IPC,1,2014
5847,34,IPC,1,2014
5847,427,IPC,1,2014
5847,143,IPC,1,2014
2995,147,IPC,1,2014
2995,323,IPC,1,2014
2995,504,IPC,1,2014
7571,324,IPC,1,2014
7571,307,IPC,1,2014
7571,302,IPC,1,2014
7571,147,IPC,1,2014
7571,148,IPC,1,2014
7571,323,IPC,1,2014
7571,109,IPC,1,2014
5835,420,IPC,1,2014
5835,409,IPC,1,2014
5835,120,IPC,1,2014
5835,34,IPC,1,2014
3829,506,IPC,1,2014
3829,341,IPC,2,2014
3829,34,IPC,2,2014
3829,323,IPC,1,2014
3829,143,IPC,1,2014
3829,186,IPC,1,2014
3829,353,IPC,1,2014
1891,147,IPC,2,2014
1891,283,IPC,2,2014
1891,149,IPC,2,2014
1891,143,IPC,2,2014
1891,188,IPC,1,2014
4303,499,IPC,2,2014
4303,500,IPC,2,2014
4303,143,IPC,1,2014
4303,188,IPC,1,2014
4303,353,IPC,1,2014
129,506,IPC,2,2014
129,294,IPC,2,2014
129,148,IPC,1,2014
129,341,IPC,1,2014
129,147,IPC,1,2014
129,323,IPC,1,2014
129,34,IPC,1,2014
4496,379,IPC,1,2014
4496,323,IPC,1,2014
4881,420,IPC,1,2014
1482,143,IPC,2,2014
1482,341,IPC,1,2014
1482,447,IPC,1,2014
1482,176,IPC,1,2014
1482,502,IPC,1,2014
16,306,IPC,1,2014
16,307,IPC,1,2014
16,331,IPC,1,2014
16,143,IPC,2,2014
16,147,IPC,2,2014
16,149,IPC,2,2014
16,283,IPC,2,2014
16,148,IPC,1,2014
16,427,IPC,1,2014
16,188,IPC,1,2014
4165,506,IPC,1,2014
4165,147,IPC,1,2014
4165,149,IPC,1,2014
4165,323,IPC,1,2014
4165,427,IPC,1,2014
4165,447,IPC,1,2014
853,324,IPC,1,2014
853,143,IPC,1,2014
853,147,IPC,1,2014
853,148,IPC,1,2014
853,114,IPC,1,2014
853,341,IPC,1,2014
853,353,IPC,1,2014
853,323,IPC,1,2014
853,427,IPC,1,2014
853,149,IPC,1,2014
4036,332,IPC,1,2014
4036,147,IPC,1,2014
4036,148,IPC,1,2014
4036,341,IPC,1,2014
4036,353,IPC,1,2014
4036,188,IPC,1,2014
1226,506,IPC,1,2014
1226,143,IPC,2,2014
1226,341,IPC,1,2014
1226,186,IPC,1,2014
1226,448,IPC,1,2014
1226,188,IPC,1,2014
2597,324,IPC,1,2014
2597,143,IPC,1,2014
2597,147,IPC,1,2014
2597,148,IPC,1,2014
2597,149,IPC,1,2014
2597,323,IPC,1,2014
2597,427,IPC,1,2014
3598,304,IPC,1,2014
3598,506,IPC,1,2014
3598,332,IPC,1,2014
3598,147,IPC,2,2014
3598,336,IPC,2,2014
3598,143,IPC,2,2014
3598,341,IPC,2,2014
3598,148,IPC,1,2014
3598,149,IPC,1,2014
3598,337,IPC,1,2014
3598,427,IPC,1,2014
3598,353,IPC,1,2014
3598,323,IPC,1,2014
1755,506,IPC,1,2014
1755,324,IPC,1,2014
1755,323,IPC,1,2014
1755,504,IPC,1,2014
1755,147,IPC,1,2014
3492,506,IPC,2,2014
3492,327,IPC,1,2014
3492,324,IPC,1,2014
3492,143,IPC,5,2014
3492,147,IPC,3,2014
3492,323,IPC,3,2014
3492,504,IPC,3,2014
3492,149,IPC,2,2014
3492,341,IPC,2,2014
3492,353,IPC,2,2014
3492,342,IPC,1,2014
3492,148,IPC,1,2014
3492,336,IPC,1,2014
3492,427,IPC,1,2014
3492,34,IPC,1,2014
732,467,IPC,2,2014
732,420,IPC,2,2014
732,477,IPC,1,2014
732,468,IPC,1,2014
732,511,IPC,1,2014
732,34,IPC,2,2014
732,217,IPC,1,2014
732,218,IPC,1,2014
732,120,IPC,1,2014
732,471,IPC,1,2014
732,166,IPC,1,2014
4697,452,IPC,1,2014
4697,384,IPC,1,2014
4697,506,IPC,1,2014
4697,323,IPC,1,2014
4697,341,IPC,1,2014
4697,34,IPC,1,2014
7248,171,IPC,1,2014
7248,188,IPC,1,2014
1511,341,IPC,1,2014
1511,188,IPC,1,2014
1511,143,IPC,1,2014
3259,307,IPC,1,2014
3259,506,IPC,1,2014
3259,294,IPC,1,2014
3259,323,IPC,1,2014
3259,342,IPC,1,2014
3259,34,IPC,1,2014
5160,420,IPC,1,2014
5160,468,IPC,1,2014
5160,506,IPC,1,2014
5160,307,IPC,1,2014
5160,34,IPC,1,2014
5160,323,IPC,1,2014
5160,504,IPC,1,2014
555,384,IPC,1,2014
555,506,IPC,1,2014
555,353,IPC,1,2014
555,427,IPC,1,2014
555,34,IPC,1,2014
485,188,IPC,3,2014
485,147,IPC,1,2014
485,171,IPC,1,2014
485,447,IPC,1,2014
485,34,IPC,1,2014
149,171,IPC,1,2014
149,188,IPC,1,2014
3148,188,IPC,1,2014
3148,144,IPC,1,2014
2941,452,IPC,2,2014
2941,302,IPC,1,2014
2941,341,IPC,1,2014
2941,353,IPC,1,2014
4166,379,IPC,2,2014
4166,323,IPC,2,2014
4166,353,IPC,2,2014
4166,427,IPC,2,2014
4166,504,IPC,1,2014
4166,34,IPC,1,2014
4166,341,IPC,1,2014
4166,149,IPC,1,2014
4166,147,IPC,1,2014
4166,342,IPC,1,2014
5961,188,IPC,1,2014
4181,466,IPC,1,2014
4181,420,IPC,1,2014
4181,464,IPC,1,2014
4181,167,IPC,1,2014
4181,34,IPC,1,2014
4181,463,IPC,1,2014
7187,324,IPC,1,2014
5896,332,IPC,3,2014
5896,420,IPC,1,2014
5896,506,IPC,1,2014
5896,143,IPC,6,2014
5896,145,IPC,6,2014
5896,147,IPC,6,2014
5896,149,IPC,3,2014
5896,341,IPC,3,2014
5896,353,IPC,2,2014
5896,188,IPC,2,2014
5896,427,IPC,2,2014
5896,146,IPC,2,2014
5896,323,IPC,2,2014
5896,342,IPC,1,2014
5896,15,IPC,1,2014
5896,151,IPC,1,2014
5896,152,IPC,1,2014
5896,336,IPC,1,2014
5896,141,IPC,1,2014
5896,142,IPC,1,2014
5896,144,IPC,1,2014
5896,148,IPC,1,2014
5089,406,IPC,1,2014
5089,506,IPC,1,2014
5089,468,IPC,1,2014
5089,471,IPC,1,2014
1159,143,IPC,1,2014
1159,341,IPC,1,2014
1159,290,IPC,1,2014
1159,283,IPC,1,2014
1159,149,IPC,1,2014
4265,147,IPC,1,2014
4265,149,IPC,1,2014
4265,353,IPC,1,2014
4265,341,IPC,1,2014
4265,427,IPC,1,2014
2448,323,IPC,1,2014
1990,435,IPC,1,2014
1990,332,IPC,1,2014
1990,324,IPC,1,2014
1990,143,IPC,2,2014
1990,341,IPC,2,2014
1990,149,IPC,2,2014
1990,147,IPC,1,2014
1990,148,IPC,1,2014
1990,188,IPC,1,2014
1990,353,IPC,1,2014
1990,34,IPC,1,2014
1990,448,IPC,1,2014
1990,504,IPC,1,2014
3000,171,IPC,1,2014
600,171,IPC,1,2014
600,34,IPC,1,2014
3620,353,IPC,1,2014
3620,323,IPC,1,2014
3620,504,IPC,1,2014
3620,147,IPC,1,2014
3620,148,IPC,1,2014
3620,149,IPC,1,2014
5670,324,IPC,1,2014
5670,307,IPC,1,2014
5670,147,IPC,2,2014
5670,148,IPC,1,2014
5670,427,IPC,1,2014
5670,341,IPC,1,2014
5670,188,IPC,1,2014
3400,336,IPC,1,2014
3400,337,IPC,1,2014
3400,338,IPC,1,2014
3400,177,IPC,1,2014
3400,188,IPC,1,2014
847,153,IPC,1,2014
847,295,IPC,1,2014
847,109,IPC,1,2014
847,149,IPC,1,2014
3123,506,IPC,2,2014
3123,332,IPC,2,2014
3123,333,IPC,1,2014
3123,504,IPC,2,2014
3123,353,IPC,1,2014
1841,143,IPC,1,2014
1841,147,IPC,1,2014
1841,341,IPC,1,2014
1841,323,IPC,1,2014
1841,353,IPC,1,2014
1841,504,IPC,1,2014
1841,149,IPC,1,2014
3462,332,IPC,1,2014
3462,149,IPC,2,2014
3462,147,IPC,1,2014
3462,353,IPC,1,2014
1303,332,IPC,1,2014
1303,506,IPC,1,2014
1303,186,IPC,1,2014
1303,353,IPC,1,2014
1303,34,IPC,1,2014
3929,341,IPC,3,2014
3929,188,IPC,3,2014
3929,143,IPC,2,2014
3929,147,IPC,1,2014
155,171,IPC,1,2014
155,188,IPC,1,2014
1781,506,IPC,1,2014
1781,147,IPC,1,2014
1781,149,IPC,1,2014
1781,186,IPC,1,2014
1781,353,IPC,1,2014
1781,323,IPC,1,2014
1781,427,IPC,1,2014
518,121,IPC,1,2014
518,121,IPC,1,2014
518,122,IPC,1,2014
518,468,IPC,1,2014
518,465,IPC,1,2014
518,471,IPC,1,2014
518,120,IPC,1,2014
1166,506,IPC,2,2014
1166,294,IPC,1,2014
1166,323,IPC,1,2014
1166,34,IPC,1,2014
2792,506,IPC,1,2014
2792,341,IPC,1,2014
2792,294,IPC,1,2014
2792,427,IPC,1,2014
2792,34,IPC,1,2014
4653,420,IPC,3,2014
4653,467,IPC,1,2014
4653,468,IPC,1,2014
4653,34,IPC,3,2014
4653,471,IPC,1,2014
4622,452,IPC,1,2014
4622,323,IPC,2,2014
4622,353,IPC,1,2014
4622,186,IPC,1,2014
4622,427,IPC,1,2014
655,188,IPC,2,2014
7080,120,IPC,1,2014
5571,324,IPC,1,2014
5571,294,IPC,1,2014
5571,34,IPC,1,2014
684,420,IPC,3,2014
684,467,IPC,2,2014
684,468,IPC,2,2014
684,332,IPC,1,2014
684,341,IPC,2,2014
684,471,IPC,2,2014
684,143,IPC,1,2014
684,283,IPC,1,2014
684,353,IPC,1,2014
684,504,IPC,1,2014
684,500,IPC,1,2014
7514,324,IPC,1,2014
7514,326,IPC,1,2014
7514,342,IPC,1,2014
2930,452,IPC,1,2014
2930,324,IPC,1,2014
2930,326,IPC,1,2014
2930,323,IPC,2,2014
2930,147,IPC,1,2014
2930,148,IPC,1,2014
2930,284,IPC,1,2014
2930,427,IPC,1,2014
2930,294,IPC,1,2014
4779,332,IPC,1,2014
4779,341,IPC,1,2014
4779,353,IPC,1,2014
4779,147,IPC,1,2014
4779,148,IPC,1,2014
4779,149,IPC,1,2014
4779,336,IPC,1,2014
4779,323,IPC,1,2014
4779,427,IPC,1,2014
5838,420,IPC,2,2014
5838,468,IPC,1,2014
5838,406,IPC,1,2014
5838,471,IPC,1,2014
6849,409,IPC,1,2014
6849,500,IPC,1,2014
777,143,IPC,2,2014
777,341,IPC,1,2014
3621,353,IPC,2,2014
3621,147,IPC,1,2014
3621,341,IPC,1,2014
3621,323,IPC,1,2014
2815,307,IPC,2,2014
2815,171,IPC,1,2014
2815,147,IPC,3,2014
2815,148,IPC,3,2014
2815,149,IPC,2,2014
2815,427,IPC,2,2014
2815,120,IPC,2,2014
2815,504,IPC,2,2014
2815,337,IPC,1,2014
2815,143,IPC,1,2014
2815,188,IPC,1,2014
2815,186,IPC,1,2014
2815,342,IPC,1,2014
2815,341,IPC,1,2014
2815,323,IPC,1,2014
734,299,IPC,1,2014
734,188,IPC,1,2014
734,341,IPC,1,2014
734,34,IPC,1,2014
3358,188,IPC,2,2014
3358,143,IPC,1,2014
3358,341,IPC,1,2014
2938,395,IPC,1,2014
2938,332,IPC,1,2014
2938,201,IPC,1,2014
2938,153,IPC,1,2014
2938,153,IPC,1,2014
2938,295,IPC,1,2014
2938,295,IPC,1,2014
2938,505,IPC,1,2014
2938,120,IPC,1,2014
2938,147,IPC,1,2014
2938,149,IPC,1,2014
2938,338,IPC,1,2014
1249,324,IPC,1,2014
1249,307,IPC,1,2014
1249,326,IPC,1,2014
1249,435,IPC,1,2014
1249,436,IPC,1,2014
1249,511,IPC,1,2014
1249,147,IPC,1,2014
1249,148,IPC,1,2014
1249,149,IPC,1,2014
1249,323,IPC,1,2014
1249,353,IPC,1,2014
1249,427,IPC,1,2014
5595,468,IPC,3,2014
5595,420,IPC,2,2014
5595,467,IPC,1,2014
5595,477,IPC,1,2014
5595,466,IPC,1,2014
5595,465,IPC,2,2014
5595,34,IPC,2,2014
5595,464,IPC,1,2014
5595,470,IPC,1,2014
5595,471,IPC,1,2014
5595,109,IPC,1,2014
5595,120,IPC,1,2014
4467,409,IPC,1,2014
4467,218,IPC,1,2014
4467,225,IPC,1,2014
4467,120,IPC,1,2014
4467,188,IPC,1,2014
4964,323,IPC,1,2014
4964,342,IPC,1,2014
2817,188,IPC,1,2014
1914,143,IPC,2,2014
1914,147,IPC,2,2014
1914,283,IPC,2,2014
1914,149,IPC,2,2014
1914,427,IPC,1,2014
1914,188,IPC,1,2014
3092,506,IPC,3,2014
3092,384,IPC,2,2014
3092,504,IPC,3,2014
3092,353,IPC,1,2014
4501,307,IPC,2,2014
4501,324,IPC,1,2014
4501,147,IPC,2,2014
4501,148,IPC,2,2014
4501,149,IPC,2,2014
4501,447,IPC,2,2014
4501,337,IPC,1,2014
4501,427,IPC,1,2014
4501,323,IPC,1,2014
2259,506,IPC,1,2014
2259,336,IPC,1,2014
2259,427,IPC,1,2014
7558,341,IPC,2,2014
7558,109,IPC,1,2014
3282,354,IPC,1,2014
3282,506,IPC,1,2014
3282,448,IPC,1,2014
1136,213,IPC,1,2014
7552,504,IPC,3,2014
2883,307,IPC,2,2014
2883,302,IPC,1,2014
2883,325,IPC,1,2014
2883,147,IPC,1,2014
2883,323,IPC,1,2014
2883,337,IPC,1,2014
7020,188,IPC,2,2014
7020,143,IPC,1,2014
7020,285,IPC,1,2014
7020,147,IPC,1,2014
7020,341,IPC,1,2014
7020,353,IPC,1,2014
1260,323,IPC,2,2014
1260,504,IPC,2,2014
1260,34,IPC,2,2014
804,143,IPC,1,2014
804,341,IPC,1,2014
804,283,IPC,1,2014
804,34,IPC,1,2014
4752,188,IPC,1,2014
4792,341,IPC,1,2014
4792,147,IPC,1,2014
4173,143,IPC,1,2014
4173,447,IPC,1,2014
4173,353,IPC,1,2014
4173,160,IPC,1,2014
4173,504,IPC,1,2014
294,451,IPC,1,2014
294,34,IPC,1,2014
1905,324,IPC,2,2014
1905,308,IPC,1,2014
1905,143,IPC,2,2014
1905,149,IPC,2,2014
1905,147,IPC,2,2014
1905,148,IPC,2,2014
1905,323,IPC,2,2014
1905,341,IPC,1,2014
3801,417,IPC,1,2014
3801,418,IPC,1,2014
3801,423,IPC,1,2014
3801,34,IPC,1,2014
2157,408,IPC,1,2014
2157,420,IPC,1,2014
257,307,IPC,1,2014
257,120,IPC,1,2014
257,34,IPC,1,2014
257,143,IPC,1,2014
257,147,IPC,1,2014
257,283,IPC,1,2014
257,149,IPC,1,2014
257,117,IPC,1,2014
4283,380,IPC,1,2014
6303,294,IPC,1,2014
6303,427,IPC,1,2014
276,143,IPC,1,2014
276,147,IPC,1,2014
276,283,IPC,1,2014
276,149,IPC,1,2014
300,332,IPC,1,2014
300,324,IPC,1,2014
300,326,IPC,1,2014
300,147,IPC,1,2014
300,148,IPC,1,2014
300,188,IPC,1,2014
300,283,IPC,1,2014
300,353,IPC,1,2014
300,357,IPC,1,2014
300,149,IPC,1,2014
4330,468,IPC,1,2014
4330,420,IPC,1,2014
4330,427,IPC,2,2014
4330,447,IPC,1,2014
7536,143,IPC,1,2014
7536,188,IPC,1,2014
7536,341,IPC,1,2014
299,148,IPC,1,2014
299,188,IPC,1,2014
299,323,IPC,1,2014
299,353,IPC,1,2014
299,427,IPC,1,2014
299,185,IPC,1,2014
299,285,IPC,1,2014
3669,506,IPC,1,2014
3669,341,IPC,1,2014
3669,504,IPC,1,2014
3669,34,IPC,1,2014
226,332,IPC,2,2014
226,392,IPC,1,2014
226,307,IPC,1,2014
226,436,IPC,1,2014
226,302,IPC,1,2014
226,506,IPC,1,2014
226,188,IPC,3,2014
226,353,IPC,3,2014
226,147,IPC,2,2014
226,148,IPC,2,2014
226,149,IPC,2,2014
226,341,IPC,2,2014
226,153,IPC,1,2014
226,336,IPC,1,2014
226,342,IPC,1,2014
226,427,IPC,1,2014
226,323,IPC,1,2014
226,34,IPC,1,2014
226,171,IPC,1,2014
5609,420,IPC,1,2014
5609,468,IPC,1,2014
5609,325,IPC,1,2014
5609,452,IPC,1,2014
5609,471,IPC,1,2014
5609,309,IPC,1,2014
5609,353,IPC,1,2014
5609,143,IPC,1,2014
5609,147,IPC,1,2014
4201,332,IPC,1,2014
4201,147,IPC,2,2014
4201,353,IPC,2,2014
4201,447,IPC,1,2014
4201,186,IPC,1,2014
4201,149,IPC,1,2014
4201,309,IPC,1,2014
4201,34,IPC,1,2014
807,506,IPC,2,2014
807,294,IPC,2,2014
807,448,IPC,1,2014
807,427,IPC,1,2014
807,34,IPC,1,2014
487,307,IPC,25,2014
487,302,IPC,16,2014
487,436,IPC,7,2014
487,324,IPC,6,2014
487,379,IPC,5,2014
487,326,IPC,4,2014
487,325,IPC,4,2014
487,384,IPC,3,2014
487,435,IPC,3,2014
487,380,IPC,3,2014
487,411,IPC,3,2014
487,389,IPC,3,2014
487,402,IPC,2,2014
487,506,IPC,2,2014
487,328,IPC,2,2014
487,201,IPC,2,2014
487,364,IPC,2,2014
487,399,IPC,2,2014
487,453,IPC,1,2014
487,414,IPC,1,2014
487,367,IPC,1,2014
487,327,IPC,1,2014
487,377,IPC,1,2014
487,124,IPC,1,2014
487,216,IPC,1,2014
487,304,IPC,1,2014
487,127,IPC,1,2014
487,392,IPC,1,2014
487,452,IPC,1,2014
487,305,IPC,1,2014
487,386,IPC,1,2014
487,333,IPC,1,2014
487,216,IPC,1,2014
487,147,IPC,19,2014
487,148,IPC,19,2014
487,149,IPC,19,2014
487,353,IPC,14,2014
487,341,IPC,12,2014
487,323,IPC,11,2014
487,120,IPC,9,2014
487,427,IPC,9,2014
487,342,IPC,5,2014
487,34,IPC,4,2014
487,504,IPC,3,2014
487,107,IPC,2,2014
487,385,IPC,2,2014
487,114,IPC,2,2014
487,448,IPC,1,2014
487,141,IPC,1,2014
487,144,IPC,1,2014
3977,468,IPC,1,2014
3977,419,IPC,1,2014
3977,465,IPC,1,2014
3977,470,IPC,1,2014
3977,471,IPC,1,2014
3977,120,IPC,1,2014
231,188,IPC,1,2014
2806,500,IPC,1,2014
7047,364,IPC,1,2014
1994,332,IPC,1,2014
1994,506,IPC,1,2014
1994,114,IPC,1,2014
1994,147,IPC,1,2014
1994,186,IPC,1,2014
1994,353,IPC,1,2014
1994,427,IPC,1,2014
1994,341,IPC,1,2014
552,188,IPC,3,2014
552,171,IPC,1,2014
552,143,IPC,1,2014
552,150,IPC,1,2014
552,186,IPC,1,2014
552,283,IPC,1,2014
552,290,IPC,1,2014
4205,188,IPC,1,2014
144,354,IPC,1,2014
144,454,IPC,1,2014
144,323,IPC,1,2014
144,385,IPC,1,2014
144,504,IPC,1,2014
1610,379,IPC,1,2014
1610,120,IPC,1,2014
7526,341,IPC,1,2014
7526,353,IPC,1,2014
7526,294,IPC,1,2014
2828,414,IPC,2,2014
2828,413,IPC,1,2014
3243,143,IPC,1,2014
3243,341,IPC,1,2014
3243,149,IPC,1,2014
3243,34,IPC,1,2014
2727,188,IPC,1,2014
590,506,IPC,4,2014
590,379,IPC,3,2014
590,511,IPC,3,2014
590,153,IPC,3,2014
590,148,IPC,3,2014
590,447,IPC,3,2014
590,427,IPC,3,2014
590,149,IPC,3,2014
590,3,IPC,2,2014
590,323,IPC,1,2014
1680,307,IPC,1,2014
1680,324,IPC,1,2014
1680,34,IPC,1,2014
1228,307,IPC,6,2014
1228,452,IPC,4,2014
1228,332,IPC,2,2014
1228,302,IPC,1,2014
1228,201,IPC,1,2014
1228,398,IPC,1,2014
1228,379,IPC,1,2014
1228,333,IPC,1,2014
1228,396,IPC,1,2014
1228,412,IPC,1,2014
1228,414,IPC,1,2014
1228,147,IPC,9,2014
1228,148,IPC,9,2014
1228,149,IPC,9,2014
1228,353,IPC,4,2014
1228,120,IPC,2,2014
1228,341,IPC,2,2014
1228,427,IPC,2,2014
1228,188,IPC,1,2014
1228,34,IPC,1,2014
1228,340,IPC,1,2014
1228,342,IPC,1,2014
1228,448,IPC,1,2014
1228,504,IPC,1,2014
4656,420,IPC,1,2014
5881,454,IPC,1,2014
5881,457,IPC,1,2014
5881,380,IPC,1,2014
5881,354,IPC,1,2014
5881,394,IPC,1,2014
5881,448,IPC,2,2014
5881,34,IPC,1,2014
5881,441,IPC,1,2014
5881,442,IPC,1,2014
5881,309,IPC,1,2014
5881,160,IPC,1,2014
5945,420,IPC,2,2014
5945,406,IPC,2,2014
5945,332,IPC,1,2014
5945,353,IPC,1,2014
5945,504,IPC,1,2014
5945,34,IPC,1,2014
5597,143,IPC,1,2014
5597,147,IPC,1,2014
5597,149,IPC,1,2014
5597,341,IPC,1,2014
5597,323,IPC,1,2014
5597,504,IPC,1,2014
1280,307,IPC,1,2014
1280,148,IPC,1,2014
1280,149,IPC,1,2014
2467,341,IPC,1,2014
2467,447,IPC,1,2014
2467,427,IPC,1,2014
2467,143,IPC,1,2014
2467,323,IPC,1,2014
5085,332,IPC,1,2014
5085,353,IPC,1,2014
5085,228,IPC,1,2014
5085,186,IPC,1,2014
5876,341,IPC,1,2014
5876,143,IPC,1,2014
5876,145,IPC,1,2014
5876,149,IPC,1,2014
7220,332,IPC,1,2014
7220,452,IPC,1,2014
7220,454,IPC,1,2014
7220,143,IPC,4,2014
7220,149,IPC,3,2014
7220,147,IPC,2,2014
7220,341,IPC,2,2014
7220,323,IPC,1,2014
7220,353,IPC,1,2014
7220,144,IPC,1,2014
7220,145,IPC,1,2014
7220,427,IPC,1,2014
7220,117,IPC,1,2014
7220,500,IPC,1,2014
319,506,IPC,1,2014
319,353,IPC,1,2014
319,294,IPC,1,2014
319,427,IPC,1,2014
319,186,IPC,1,2014
319,34,IPC,1,2014
2616,420,IPC,3,2014
2616,418,IPC,1,2014
2616,419,IPC,1,2014
3489,333,IPC,1,2014
3489,332,IPC,1,2014
3489,225,IPC,1,2014
3489,324,IPC,1,2014
3489,407,IPC,1,2014
3489,506,IPC,1,2014
3489,143,IPC,2,2014
3489,341,IPC,2,2014
3489,188,IPC,1,2014
3489,353,IPC,1,2014
3489,323,IPC,1,2014
3489,504,IPC,1,2014
3489,135,IPC,1,2014
1649,307,IPC,1,2014
1649,147,IPC,1,2014
1649,149,IPC,1,2014
1649,323,IPC,1,2014
1649,427,IPC,1,2014
3112,332,IPC,4,2014
3112,307,IPC,2,2014
3112,506,IPC,1,2014
3112,147,IPC,5,2014
3112,148,IPC,5,2014
3112,353,IPC,4,2014
3112,427,IPC,3,2014
3112,336,IPC,3,2014
3112,323,IPC,2,2014
3112,149,IPC,2,2014
3112,504,IPC,2,2014
3112,107,IPC,1,2014
3112,338,IPC,1,2014
3112,153,IPC,1,2014
1054,332,IPC,1,2014
1054,147,IPC,1,2014
1054,148,IPC,1,2014
1054,149,IPC,1,2014
1054,353,IPC,1,2014
1054,427,IPC,1,2014
4083,279,IPC,1,2014
4083,337,IPC,1,2014
4083,427,IPC,1,2014
2855,386,IPC,1,2014
2855,147,IPC,2,2014
2855,148,IPC,2,2014
2855,149,IPC,2,2014
2855,504,IPC,2,2014
2855,342,IPC,2,2014
2855,341,IPC,1,2014
2855,323,IPC,1,2014
2752,126,IPC,1,2014
2752,324,IPC,1,2014
2752,326,IPC,1,2014
2752,307,IPC,1,2014
2752,188,IPC,1,2014
2752,198,IPC,1,2014
2752,147,IPC,1,2014
2752,148,IPC,1,2014
2752,149,IPC,1,2014
2752,323,IPC,1,2014
2296,498,IPC,1,2014
2296,406,IPC,1,2014
5251,494,IPC,1,2014
5251,149,IPC,1,2014
5251,498,IPC,1,2014
351,302,IPC,1,2014
351,119,IPC,1,2014
351,333,IPC,1,2014
351,143,IPC,3,2014
351,147,IPC,3,2014
351,149,IPC,3,2014
351,283,IPC,2,2014
351,120,IPC,1,2014
351,148,IPC,1,2014
351,109,IPC,1,2014
351,423,IPC,1,2014
1764,153,IPC,1,2014
1764,435,IPC,1,2014
1764,188,IPC,1,2014
1764,353,IPC,1,2014
1764,341,IPC,1,2014
4271,506,IPC,1,2014
4271,147,IPC,1,2014
4271,323,IPC,1,2014
4271,352,IPC,1,2014
4271,286,IPC,1,2014
4271,504,IPC,1,2014
4271,427,IPC,1,2014
3117,420,IPC,3,2014
3117,467,IPC,2,2014
3117,468,IPC,2,2014
3117,506,IPC,1,2014
3117,471,IPC,2,2014
3117,419,IPC,1,2014
3117,424,IPC,1,2014
3117,188,IPC,1,2014
5006,309,IPC,1,2014
7539,332,IPC,1,2014
7539,307,IPC,1,2014
7539,153,IPC,1,2014
7539,147,IPC,1,2014
7539,148,IPC,1,2014
7539,149,IPC,1,2014
7539,341,IPC,1,2014
7539,336,IPC,1,2014
7539,504,IPC,1,2014
4933,506,IPC,2,2014
4933,420,IPC,2,2014
4933,467,IPC,2,2014
4933,468,IPC,2,2014
4933,504,IPC,3,2014
4933,448,IPC,3,2014
4933,323,IPC,2,2014
4933,471,IPC,2,2014
4933,342,IPC,1,2014
4933,147,IPC,1,2014
4933,148,IPC,1,2014
4933,149,IPC,1,2014
4933,336,IPC,1,2014
4933,427,IPC,1,2014
4933,188,IPC,1,2014
2246,409,IPC,1,2014
2246,420,IPC,1,2014
2246,120,IPC,1,2014
2246,166,IPC,1,2014
1164,394,IPC,2,2014
1164,354,IPC,2,2014
1164,307,IPC,2,2014
1164,506,IPC,1,2014
1164,147,IPC,2,2014
1164,148,IPC,2,2014
1164,294,IPC,2,2014
1164,341,IPC,1,2014
1164,109,IPC,1,2014
1164,149,IPC,1,2014
2887,143,IPC,2,2014
2887,353,IPC,1,2014
2887,426,IPC,1,2014
2887,427,IPC,1,2014
3001,171,IPC,1,2014
3001,171,IPC,1,2014
7566,147,IPC,1,2014
7566,341,IPC,1,2014
7566,188,IPC,1,2014
7566,353,IPC,1,2014
3405,143,IPC,1,2014
3405,145,IPC,1,2014
3405,149,IPC,1,2014
3995,153,IPC,1,2014
3995,353,IPC,1,2014
3995,337,IPC,1,2014
3995,338,IPC,1,2014
3995,153,IPC,1,2014
3995,147,IPC,1,2014
3995,148,IPC,1,2014
3995,149,IPC,1,2014
3995,323,IPC,1,2014
3095,420,IPC,2,2014
3095,506,IPC,2,2014
3095,452,IPC,1,2014
3095,406,IPC,1,2014
3095,467,IPC,1,2014
3095,468,IPC,1,2014
3095,504,IPC,2,2014
3095,353,IPC,1,2014
3095,427,IPC,1,2014
3095,471,IPC,1,2014
3095,323,IPC,1,2014
3095,447,IPC,1,2014
1325,435,IPC,1,2014
1325,427,IPC,1,2014
1325,288,IPC,1,2014
1325,336,IPC,1,2014
1325,34,IPC,1,2014
1325,147,IPC,1,2014
1325,148,IPC,1,2014
1325,149,IPC,1,2014
1325,188,IPC,1,2014
1889,332,IPC,5,2014
1889,147,IPC,10,2014
1889,143,IPC,8,2014
1889,149,IPC,7,2014
1889,283,IPC,7,2014
1889,148,IPC,6,2014
1889,353,IPC,4,2014
1889,3,IPC,2,2014
1889,144,IPC,2,2014
1889,341,IPC,1,2014
1889,180,IPC,1,2014
1889,188,IPC,1,2014
1889,145,IPC,1,2014
5584,457,IPC,1,2014
5584,380,IPC,1,2014
5584,109,IPC,1,2014
5584,149,IPC,1,2014
337,143,IPC,2,2014
337,147,IPC,2,2014
337,283,IPC,2,2014
337,148,IPC,1,2014
337,188,IPC,1,2014
337,149,IPC,1,2014
4332,324,IPC,3,2014
4332,420,IPC,1,2014
4332,468,IPC,1,2014
4332,147,IPC,4,2014
4332,148,IPC,4,2014
4332,323,IPC,4,2014
4332,341,IPC,1,2014
4332,471,IPC,1,2014
6289,171,IPC,1,2014
6289,143,IPC,1,2014
6289,188,IPC,1,2014
3966,307,IPC,19,2014
3966,124,IPC,16,2014
3966,121,IPC,16,2014
3966,153,IPC,13,2014
3966,431,IPC,12,2014
3966,452,IPC,8,2014
3966,324,IPC,7,2014
3966,121,IPC,7,2014
3966,153,IPC,6,2014
3966,436,IPC,5,2014
3966,379,IPC,5,2014
3966,332,IPC,3,2014
3966,395,IPC,2,2014
3966,387,IPC,2,2014
3966,506,IPC,2,2014
3966,437,IPC,1,2014
3966,455,IPC,1,2014
3966,333,IPC,1,2014
3966,365,IPC,1,2014
3966,397,IPC,1,2014
3966,125,IPC,1,2014
3966,435,IPC,1,2014
3966,188,IPC,291,2014
3966,143,IPC,282,2014
3966,149,IPC,165,2014
3966,291,IPC,149,2014
3966,34,IPC,119,2014
3966,157,IPC,111,2014
3966,147,IPC,80,2014
3966,148,IPC,51,2014
3966,427,IPC,37,2014
3966,341,IPC,26,2014
3966,353,IPC,24,2014
3966,120,IPC,16,2014
3966,323,IPC,11,2014
3966,447,IPC,10,2014
3966,500,IPC,8,2014
3966,342,IPC,4,2014
3966,109,IPC,4,2014
3966,151,IPC,3,2014
3966,150,IPC,3,2014
3966,374,IPC,3,2014
3966,186,IPC,2,2014
3966,187,IPC,1,2014
3966,283,IPC,1,2014
3966,355,IPC,1,2014
3966,336,IPC,1,2014
4704,379,IPC,3,2014
4704,506,IPC,2,2014
4704,307,IPC,2,2014
4704,420,IPC,1,2014
4704,325,IPC,1,2014
4704,452,IPC,1,2014
4704,440,IPC,1,2014
4704,324,IPC,1,2014
4704,341,IPC,4,2014
4704,342,IPC,3,2014
4704,323,IPC,3,2014
4704,147,IPC,3,2014
4704,148,IPC,3,2014
4704,149,IPC,2,2014
4704,34,IPC,1,2014
4704,290,IPC,1,2014
4704,504,IPC,1,2014
4704,337,IPC,1,2014
4704,427,IPC,1,2014
4704,283,IPC,1,2014
7387,341,IPC,1,2014
7387,355,IPC,1,2014
7387,353,IPC,1,2014
7387,323,IPC,1,2014
7387,34,IPC,1,2014
1816,324,IPC,1,2014
1816,326,IPC,1,2014
1816,506,IPC,1,2014
1816,341,IPC,1,2014
1816,323,IPC,1,2014
1816,504,IPC,1,2014
1816,355,IPC,1,2014
1816,34,IPC,1,2014
498,366,IPC,1,2014
498,506,IPC,1,2014
498,368,IPC,1,2014
498,34,IPC,3,2014
498,346,IPC,1,2014
36,133,IPC,1,2014
36,171,IPC,1,2014
36,188,IPC,2,2014
2112,147,IPC,1,2014
2112,283,IPC,1,2014
2112,341,IPC,1,2014
2112,149,IPC,1,2014
5245,302,IPC,1,2014
2940,294,IPC,1,2014
2940,323,IPC,1,2014
2940,34,IPC,1,2014
3722,420,IPC,1,2014
67,153,IPC,1,2014
67,153,IPC,1,2014
67,295,IPC,1,2014
67,505,IPC,1,2014
4107,379,IPC,1,2014
4107,402,IPC,1,2014
4107,216,IPC,1,2014
4107,307,IPC,1,2014
4107,506,IPC,1,2014
4107,34,IPC,2,2014
4107,323,IPC,2,2014
4107,341,IPC,2,2014
4107,504,IPC,1,2014
4107,499,IPC,1,2014
4107,353,IPC,1,2014
2735,420,IPC,1,2014
2735,467,IPC,1,2014
2735,468,IPC,1,2014
2735,419,IPC,1,2014
2735,469,IPC,1,2014
2735,471,IPC,1,2014
4243,420,IPC,4,2014
4243,467,IPC,4,2014
4243,468,IPC,4,2014
4243,452,IPC,3,2014
4243,506,IPC,2,2014
4243,384,IPC,1,2014
4243,325,IPC,1,2014
4243,471,IPC,4,2014
4243,120,IPC,4,2014
4243,447,IPC,3,2014
4243,341,IPC,2,2014
4243,323,IPC,2,2014
4243,504,IPC,2,2014
4243,34,IPC,1,2014
4243,147,IPC,1,2014
5970,307,IPC,1,2014
5970,395,IPC,1,2014
5970,506,IPC,1,2014
5970,504,IPC,1,2014
5970,143,IPC,1,2014
5970,147,IPC,1,2014
5970,148,IPC,1,2014
3271,506,IPC,1,2014
3271,431,IPC,1,2014
3271,143,IPC,3,2014
3271,149,IPC,3,2014
3271,283,IPC,2,2014
3271,447,IPC,1,2014
3271,353,IPC,1,2014
3271,341,IPC,1,2014
3271,294,IPC,1,2014
3154,394,IPC,1,2014
3154,506,IPC,1,2014
7066,324,IPC,2,2014
7066,452,IPC,2,2014
7066,332,IPC,1,2014
7066,325,IPC,1,2014
7066,258,IPC,1,2014
7066,188,IPC,8,2014
7066,147,IPC,7,2014
7066,143,IPC,5,2014
7066,149,IPC,4,2014
7066,341,IPC,4,2014
7066,148,IPC,3,2014
7066,353,IPC,2,2014
7066,323,IPC,2,2014
7066,427,IPC,2,2014
7066,355,IPC,1,2014
7066,34,IPC,1,2014
7066,448,IPC,1,2014
7529,143,IPC,1,2014
7529,188,IPC,1,2014
7529,353,IPC,1,2014
7529,341,IPC,1,2014
396,147,IPC,1,2014
396,148,IPC,1,2014
396,160,IPC,1,2014
396,504,IPC,1,2014
396,290,IPC,1,2014
2680,304,IPC,1,2014
2680,201,IPC,1,2014
2680,34,IPC,1,2014
1119,109,IPC,1,2014
1805,447,IPC,2,2014
1805,427,IPC,2,2014
1805,34,IPC,2,2014
1261,120,IPC,1,2014
799,332,IPC,1,2014
799,506,IPC,1,2014
799,147,IPC,1,2014
799,148,IPC,1,2014
799,337,IPC,1,2014
799,149,IPC,1,2014
1962,324,IPC,1,2014
1962,143,IPC,1,2014
1962,147,IPC,1,2014
1962,148,IPC,1,2014
1962,149,IPC,1,2014
1962,323,IPC,1,2014
7521,354,IPC,1,2014
7521,307,IPC,1,2014
7521,147,IPC,1,2014
7521,148,IPC,1,2014
7521,323,IPC,1,2014
7521,341,IPC,1,2014
7221,294,IPC,1,2014
308,143,IPC,4,2014
308,147,IPC,4,2014
308,149,IPC,4,2014
308,188,IPC,3,2014
308,228,IPC,2,2014
308,283,IPC,1,2014
308,145,IPC,1,2014
308,183,IPC,1,2014
5270,302,IPC,1,2014
5270,34,IPC,1,2014
5258,420,IPC,1,2014
5258,468,IPC,1,2014
5258,332,IPC,1,2014
5258,471,IPC,1,2014
5258,144,IPC,1,2014
5258,147,IPC,1,2014
5258,341,IPC,1,2014
5258,323,IPC,1,2014
5258,353,IPC,1,2014
5258,427,IPC,1,2014
2684,468,IPC,2,2014
2684,420,IPC,2,2014
2684,467,IPC,2,2014
2684,406,IPC,1,2014
2684,414,IPC,1,2014
2684,34,IPC,1,2014
2684,471,IPC,1,2014
2684,120,IPC,1,2014
4738,307,IPC,1,2014
4738,147,IPC,1,2014
4738,149,IPC,1,2014
4738,341,IPC,1,2014
4738,323,IPC,1,2014
4741,171,IPC,1,2014
4741,427,IPC,3,2014
3821,153,IPC,1,2014
3821,153,IPC,1,2014
3821,120,IPC,1,2014
7227,332,IPC,2,2014
7227,452,IPC,1,2014
7227,324,IPC,1,2014
7227,506,IPC,1,2014
7227,188,IPC,4,2014
7227,147,IPC,3,2014
7227,186,IPC,3,2014
7227,34,IPC,3,2014
7227,341,IPC,2,2014
7227,499,IPC,2,2014
7227,500,IPC,2,2014
7227,353,IPC,2,2014
7227,143,IPC,1,2014
7227,323,IPC,1,2014
7227,447,IPC,1,2014
7227,504,IPC,1,2014
7227,148,IPC,1,2014
7227,149,IPC,1,2014
7227,309,IPC,1,2014
4202,188,IPC,1,2014
7573,420,IPC,1,2014
7573,421,IPC,1,2014
4477,302,IPC,3,2014
4477,307,IPC,3,2014
4477,216,IPC,1,2014
4477,379,IPC,1,2014
4477,171,IPC,1,2014
4477,147,IPC,5,2014
4477,323,IPC,4,2014
4477,148,IPC,3,2014
4477,353,IPC,2,2014
4477,188,IPC,1,2014
4477,374,IPC,1,2014
4477,120,IPC,1,2014
4477,141,IPC,1,2014
4477,341,IPC,1,2014
4477,504,IPC,1,2014
4146,500,IPC,1,2014
3538,420,IPC,1,2014
3538,138,IPC,1,2014
2746,171,IPC,1,2014
2746,188,IPC,1,2014
2843,379,IPC,1,2014
2843,307,IPC,1,2014
2843,147,IPC,1,2014
2843,148,IPC,1,2014
2843,149,IPC,1,2014
2843,341,IPC,1,2014
2843,323,IPC,1,2014
2843,353,IPC,1,2014
2843,120,IPC,1,2014
7591,147,IPC,1,2014
7591,188,IPC,1,2014
4850,325,IPC,1,2014
4850,307,IPC,1,2014
4850,323,IPC,1,2014
4850,109,IPC,1,2014
4488,171,IPC,1,2014
4488,431,IPC,1,2014
4488,188,IPC,1,2014
4488,143,IPC,1,2014
4488,147,IPC,1,2014
4488,290,IPC,1,2014
4488,427,IPC,1,2014
3008,506,IPC,1,2014
3008,294,IPC,1,2014
3008,147,IPC,1,2014
3008,148,IPC,1,2014
3008,323,IPC,1,2014
991,354,IPC,1,2014
991,509,IPC,1,2014
991,186,IPC,1,2014
991,353,IPC,1,2014
991,323,IPC,1,2014
4111,379,IPC,1,2014
4111,411,IPC,1,2014
4111,431,IPC,1,2014
4111,427,IPC,1,2014
4111,143,IPC,1,2014
4111,147,IPC,1,2014
4111,290,IPC,1,2014
21,420,IPC,1,2014
21,324,IPC,1,2014
21,307,IPC,1,2014
21,506,IPC,1,2014
21,143,IPC,2,2014
21,147,IPC,2,2014
21,148,IPC,2,2014
21,448,IPC,2,2014
21,427,IPC,2,2014
21,149,IPC,2,2014
21,120,IPC,1,2014
1350,420,IPC,1,2014
1350,34,IPC,1,2014
1350,120,IPC,1,2014
7554,147,IPC,1,2014
751,107,IPC,1,2014
751,116,IPC,1,2014
1750,426,IPC,1,2014
1632,420,IPC,1,2014
1632,467,IPC,1,2014
1632,468,IPC,1,2014
1632,471,IPC,1,2014
3565,201,IPC,1,2014
3565,409,IPC,1,2014
3565,420,IPC,1,2014
3565,468,IPC,1,2014
3565,120,IPC,1,2014
3565,428,IPC,1,2014
3565,427,IPC,1,2014
3565,465,IPC,1,2014
3565,471,IPC,1,2014
504,376,IPC,1,2014
504,420,IPC,1,2014
504,468,IPC,1,2014
504,471,IPC,1,2014
4357,324,IPC,1,2014
4357,326,IPC,1,2014
4357,147,IPC,1,2014
4357,148,IPC,1,2014
4357,149,IPC,1,2014
3949,307,IPC,5,2014
3949,420,IPC,3,2014
3949,365,IPC,3,2014
3949,387,IPC,2,2014
3949,467,IPC,1,2014
3949,468,IPC,1,2014
3949,379,IPC,1,2014
3949,332,IPC,1,2014
3949,325,IPC,1,2014
3949,395,IPC,1,2014
3949,147,IPC,6,2014
3949,148,IPC,4,2014
3949,120,IPC,4,2014
3949,447,IPC,3,2014
3949,427,IPC,2,2014
3949,34,IPC,1,2014
3949,341,IPC,1,2014
3949,323,IPC,1,2014
3949,353,IPC,1,2014
3949,342,IPC,1,2014
936,420,IPC,1,2014
936,384,IPC,1,2014
936,342,IPC,1,2014
936,504,IPC,1,2014
936,120,IPC,1,2014
936,341,IPC,1,2014
936,147,IPC,1,2014
936,149,IPC,1,2014
936,323,IPC,1,2014
7462,188,IPC,1,2014
7462,341,IPC,1,2014
3849,365,IPC,1,2014
3849,506,IPC,1,2014
3849,326,IPC,1,2014
3849,323,IPC,2,2014
3849,341,IPC,1,2014
3849,342,IPC,1,2014
3849,143,IPC,1,2014
3849,147,IPC,1,2014
3849,148,IPC,1,2014
3849,149,IPC,1,2014
3849,353,IPC,1,2014
3849,34,IPC,1,2014
6850,324,IPC,1,2014
7481,323,IPC,1,2014
7461,307,IPC,6,2014
7461,324,IPC,2,2014
7461,435,IPC,2,2014
7461,225,IPC,2,2014
7461,295,IPC,1,2014
7461,452,IPC,1,2014
7461,395,IPC,1,2014
7461,147,IPC,13,2014
7461,148,IPC,9,2014
7461,323,IPC,3,2014
7461,427,IPC,3,2014
7461,341,IPC,2,2014
7461,353,IPC,2,2014
7461,143,IPC,2,2014
7461,188,IPC,2,2014
7461,107,IPC,1,2014
7461,504,IPC,1,2014
7461,336,IPC,1,2014
7461,285,IPC,1,2014
272,143,IPC,1,2014
272,147,IPC,1,2014
272,188,IPC,1,2014
272,283,IPC,1,2014
272,149,IPC,1,2014
361,405,IPC,1,2014
361,406,IPC,1,2014
361,468,IPC,1,2014
361,204,IPC,1,2014
361,463,IPC,1,2014
361,465,IPC,1,2014
361,471,IPC,1,2014
361,423,IPC,1,2014
361,120,IPC,1,2014
7420,143,IPC,1,2014
7420,341,IPC,1,2014
7420,188,IPC,1,2014
14,188,IPC,1,2014
14,283,IPC,1,2014
14,143,IPC,1,2014
14,147,IPC,1,2014
14,149,IPC,1,2014
4096,364,IPC,2,2014
4096,302,IPC,2,2014
4096,201,IPC,2,2014
4096,364,IPC,1,2014
4096,396,IPC,1,2014
4096,412,IPC,1,2014
4096,120,IPC,1,2014
4096,34,IPC,1,2014
1236,171,IPC,1,2014
1236,427,IPC,1,2014
1236,34,IPC,1,2014
653,332,IPC,1,2014
653,364,IPC,1,2014
653,395,IPC,1,2014
653,506,IPC,1,2014
653,147,IPC,2,2014
653,353,IPC,2,2014
653,504,IPC,2,2014
653,148,IPC,1,2014
653,341,IPC,1,2014
653,342,IPC,1,2014
653,188,IPC,1,2014
653,283,IPC,1,2014
653,427,IPC,1,2014
582,506,IPC,3,2014
582,332,IPC,1,2014
582,323,IPC,3,2014
582,353,IPC,3,2014
582,143,IPC,3,2014
582,149,IPC,3,2014
582,341,IPC,2,2014
582,186,IPC,2,2014
582,448,IPC,2,2014
582,34,IPC,2,2014
582,147,IPC,2,2014
582,427,IPC,1,2014
582,136,IPC,1,2014
582,278,IPC,1,2014
1221,153,IPC,1,2014
1221,153,IPC,1,2014
1221,504,IPC,1,2014
1221,34,IPC,1,2014
1221,120,IPC,1,2014
1221,153,IPC,1,2014
1221,501,IPC,1,2014
540,353,IPC,1,2014
540,355,IPC,1,2014
540,186,IPC,1,2014
923,420,IPC,1,2014
4233,143,IPC,1,2014
4233,323,IPC,1,2014
4233,336,IPC,1,2014
4233,427,IPC,1,2014
917,332,IPC,1,2014
917,506,IPC,1,2014
917,143,IPC,3,2014
917,353,IPC,1,2014
917,336,IPC,1,2014
917,504,IPC,1,2014
917,427,IPC,1,2014
917,117,IPC,1,2014
917,341,IPC,1,2014
917,147,IPC,1,2014
917,149,IPC,1,2014
3738,406,IPC,1,2014
3738,420,IPC,1,2014
3738,120,IPC,1,2014
3738,34,IPC,1,2014
3738,500,IPC,1,2014
3247,420,IPC,1,2014
3247,506,IPC,1,2014
3247,341,IPC,1,2014
3247,294,IPC,1,2014
3536,353,IPC,1,2014
3536,147,IPC,1,2014
3536,148,IPC,1,2014
135,188,IPC,4,2014
4255,420,IPC,1,2014
4255,379,IPC,1,2014
4255,506,IPC,1,2014
4255,120,IPC,1,2014
4255,427,IPC,1,2014
2018,279,IPC,1,2014
2018,338,IPC,1,2014
2018,427,IPC,1,2014
821,506,IPC,8,2014
821,302,IPC,3,2014
821,121,IPC,3,2014
821,121,IPC,3,2014
821,380,IPC,2,2014
821,452,IPC,2,2014
821,395,IPC,1,2014
821,324,IPC,1,2014
821,225,IPC,1,2014
821,436,IPC,1,2014
821,449,IPC,1,2014
821,396,IPC,1,2014
821,307,IPC,1,2014
821,294,IPC,6,2014
821,120,IPC,6,2014
821,149,IPC,5,2014
821,147,IPC,4,2014
821,148,IPC,4,2014
821,427,IPC,3,2014
821,34,IPC,2,2014
821,323,IPC,2,2014
821,224,IPC,1,2014
821,47,IPC,1,2014
821,353,IPC,1,2014
2957,188,IPC,1,2014
5406,304,IPC,1,2014
4361,324,IPC,1,2014
4361,379,IPC,1,2014
4361,506,IPC,1,2014
4361,143,IPC,1,2014
4361,427,IPC,1,2014
6964,143,IPC,1,2014
6964,188,IPC,1,2014
4474,302,IPC,1,2014
4474,120,IPC,1,2014
4474,34,IPC,1,2014
3566,506,IPC,1,2014
3566,504,IPC,1,2014
3566,146,IPC,1,2014
3566,147,IPC,1,2014
3566,323,IPC,1,2014
3566,427,IPC,1,2014
451,188,IPC,1,2014
631,468,IPC,1,2014
631,474,IPC,1,2014
631,379,IPC,1,2014
631,411,IPC,1,2014
631,420,IPC,1,2014
631,467,IPC,1,2014
631,423,IPC,1,2014
631,120,IPC,1,2014
5192,395,IPC,1,2014
5192,397,IPC,1,2014
216,468,IPC,1,2014
216,420,IPC,1,2014
216,135,IPC,2,2014
216,471,IPC,1,2014
216,34,IPC,1,2014
216,143,IPC,1,2014
216,147,IPC,1,2014
1872,121,IPC,1,2014
1872,143,IPC,1,2014
1872,147,IPC,1,2014
1872,149,IPC,1,2014
1872,283,IPC,1,2014
1872,109,IPC,1,2014
1872,114,IPC,1,2014
1872,427,IPC,1,2014
1872,39,IPC,1,2014
2867,143,IPC,1,2014
2867,341,IPC,1,2014
2867,427,IPC,1,2014
3685,430,IPC,1,2014
3685,420,IPC,1,2014
3685,468,IPC,1,2014
3685,34,IPC,3,2014
3685,120,IPC,2,2014
3685,268,IPC,1,2014
3685,269,IPC,1,2014
3685,271,IPC,1,2014
3685,421,IPC,1,2014
3685,426,IPC,1,2014
3685,109,IPC,1,2014
3685,427,IPC,1,2014
3685,337,IPC,1,2014
3685,403,IPC,1,2014
3685,338,IPC,1,2014
3685,107,IPC,1,2014
3685,415,IPC,1,2014
3685,417,IPC,1,2014
3685,419,IPC,1,2014
3685,500,IPC,1,2014
3685,501,IPC,1,2014
3685,110,IPC,1,2014
3641,186,IPC,1,2014
3641,341,IPC,1,2014
3641,504,IPC,1,2014
3641,34,IPC,1,2014
3641,143,IPC,1,2014
156,307,IPC,2,2014
4404,332,IPC,1,2014
4404,506,IPC,1,2014
4404,147,IPC,1,2014
4404,148,IPC,1,2014
4404,149,IPC,1,2014
4404,353,IPC,1,2014
4404,336,IPC,1,2014
4404,504,IPC,1,2014
4404,427,IPC,1,2014
3342,395,IPC,1,2014
3342,324,IPC,1,2014
3342,147,IPC,1,2014
3342,148,IPC,1,2014
3342,149,IPC,1,2014
4164,171,IPC,1,2014
4164,188,IPC,3,2014
4164,143,IPC,2,2014
4164,146,IPC,1,2014
4164,283,IPC,1,2014
4164,290,IPC,1,2014
4164,291,IPC,1,2014
4164,353,IPC,1,2014
4164,427,IPC,1,2014
2688,406,IPC,1,2014
2688,385,IPC,1,2014
2688,34,IPC,1,2014
7159,324,IPC,2,2014
7159,307,IPC,2,2014
7159,332,IPC,1,2014
7159,153,IPC,1,2014
7159,143,IPC,3,2014
7159,188,IPC,3,2014
7159,147,IPC,2,2014
7159,148,IPC,2,2014
7159,323,IPC,2,2014
7159,341,IPC,1,2014
7159,149,IPC,1,2014
7159,186,IPC,1,2014
7159,353,IPC,1,2014
5947,332,IPC,1,2014
5947,143,IPC,1,2014
5947,147,IPC,1,2014
5947,148,IPC,1,2014
5947,149,IPC,1,2014
5947,353,IPC,1,2014
310,325,IPC,1,2014
310,147,IPC,1,2014
310,148,IPC,1,2014
310,149,IPC,1,2014
310,323,IPC,1,2014
310,337,IPC,1,2014
310,338,IPC,1,2014
310,353,IPC,1,2014
310,427,IPC,1,2014
634,451,IPC,1,2014
634,143,IPC,1,2014
634,147,IPC,1,2014
634,148,IPC,1,2014
634,149,IPC,1,2014
634,188,IPC,1,2014
634,447,IPC,1,2014
634,421,IPC,1,2014
634,427,IPC,1,2014
634,353,IPC,1,2014
634,419,IPC,1,2014
2409,332,IPC,1,2014
2409,353,IPC,1,2014
2409,143,IPC,1,2014
2409,283,IPC,1,2014
1005,384,IPC,1,2014
1005,342,IPC,1,2014
1005,34,IPC,1,2014
1005,188,IPC,1,2014
1045,283,IPC,1,2014
1045,341,IPC,1,2014
1045,147,IPC,1,2014
1045,149,IPC,1,2014
2331,283,IPC,3,2014
2331,143,IPC,2,2014
2331,186,IPC,2,2014
2331,147,IPC,1,2014
168,143,IPC,2,2014
168,147,IPC,2,2014
168,149,IPC,2,2014
168,283,IPC,2,2014
1807,143,IPC,1,2014
1807,147,IPC,1,2014
1807,188,IPC,1,2014
1807,283,IPC,1,2014
1807,149,IPC,1,2014
1807,153,IPC,1,2014
1807,427,IPC,1,2014
1807,34,IPC,1,2014
255,143,IPC,7,2014
255,147,IPC,7,2014
255,283,IPC,7,2014
255,149,IPC,7,2014
255,188,IPC,1,2014
251,499,IPC,5,2014
251,500,IPC,5,2014
251,143,IPC,1,2014
251,147,IPC,1,2014
251,283,IPC,1,2014
251,149,IPC,1,2014
5576,294,IPC,1,2014
5576,323,IPC,1,2014
187,171,IPC,1,2014
4326,307,IPC,1,2014
4326,341,IPC,2,2014
4326,147,IPC,1,2014
7384,353,IPC,1,2014
7175,269,IPC,1,2014
6327,147,IPC,1,2014
6327,188,IPC,1,2014
6327,341,IPC,1,2014
6327,290,IPC,1,2014
4103,431,IPC,1,2014
4103,323,IPC,2,2014
4103,341,IPC,2,2014
4103,143,IPC,1,2014
4103,144,IPC,1,2014
4103,150,IPC,1,2014
4103,353,IPC,1,2014
4103,109,IPC,1,2014
4103,504,IPC,1,2014
4103,34,IPC,1,2014
3974,333,IPC,2,2014
3974,373,IPC,1,2014
3974,420,IPC,1,2014
3974,324,IPC,1,2014
3974,307,IPC,1,2014
3974,379,IPC,1,2014
3974,384,IPC,1,2014
3974,383,IPC,1,2014
3974,147,IPC,3,2014
3974,148,IPC,3,2014
3974,149,IPC,3,2014
3974,323,IPC,2,2014
3974,352,IPC,2,2014
3974,353,IPC,2,2014
3974,427,IPC,2,2014
3974,504,IPC,2,2014
3974,385,IPC,1,2014
3974,419,IPC,1,2014
3974,109,IPC,1,2014
3974,120,IPC,1,2014
3974,341,IPC,1,2014
3974,342,IPC,1,2014
5706,147,IPC,1,2014
5706,353,IPC,1,2014
810,409,IPC,1,2014
810,34,IPC,1,2014
1824,420,IPC,1,2014
1824,506,IPC,1,2014
1824,504,IPC,1,2014
4446,468,IPC,2,2014
4446,409,IPC,1,2014
4446,120,IPC,2,2014
4446,471,IPC,2,2014
7115,143,IPC,1,2014
7115,188,IPC,1,2014
70,332,IPC,1,2014
70,147,IPC,1,2014
70,148,IPC,1,2014
70,149,IPC,1,2014
70,186,IPC,1,2014
70,188,IPC,1,2014
70,353,IPC,1,2014
4701,188,IPC,1,2014
314,420,IPC,1,2014
314,409,IPC,1,2014
314,406,IPC,1,2014
314,34,IPC,1,2014
2798,506,IPC,1,2014
2798,294,IPC,2,2014
2798,147,IPC,1,2014
2798,148,IPC,1,2014
2798,149,IPC,1,2014
2798,323,IPC,1,2014
5955,506,IPC,4,2014
5955,332,IPC,1,2014
5955,395,IPC,1,2014
5955,354,IPC,1,2014
5955,324,IPC,1,2014
5955,379,IPC,1,2014
5955,504,IPC,5,2014
5955,143,IPC,4,2014
5955,34,IPC,4,2014
5955,353,IPC,3,2014
5955,147,IPC,2,2014
5955,323,IPC,2,2014
5955,427,IPC,2,2014
5955,144,IPC,1,2014
5955,336,IPC,1,2014
5955,120,IPC,1,2014
5955,186,IPC,1,2014
5173,468,IPC,2,2014
5173,420,IPC,2,2014
5173,467,IPC,1,2014
5173,406,IPC,1,2014
5173,120,IPC,2,2014
5173,471,IPC,2,2014
5173,465,IPC,1,2014
5173,34,IPC,1,2014
3606,406,IPC,3,2014
3606,409,IPC,3,2014
3606,302,IPC,2,2014
3606,420,IPC,2,2014
3606,511,IPC,1,2014
3606,365,IPC,1,2014
3606,467,IPC,1,2014
3606,468,IPC,1,2014
3606,120,IPC,5,2014
3606,109,IPC,3,2014
3606,471,IPC,2,2014
3606,465,IPC,1,2014
3606,34,IPC,1,2014
3606,341,IPC,1,2014
3606,143,IPC,1,2014
3606,147,IPC,1,2014
3606,149,IPC,1,2014
3606,168,IPC,1,2014
4712,307,IPC,1,2014
4712,147,IPC,1,2014
4712,149,IPC,1,2014
4712,353,IPC,1,2014
2373,341,IPC,1,2014
2373,323,IPC,1,2014
5962,395,IPC,2,2014
5962,324,IPC,1,2014
5962,354,IPC,1,2014
5962,341,IPC,1,2014
5962,143,IPC,1,2014
3487,506,IPC,1,2014
3487,324,IPC,1,2014
3487,447,IPC,2,2014
3487,323,IPC,2,2014
3487,504,IPC,2,2014
3487,143,IPC,1,2014
3487,147,IPC,1,2014
3487,148,IPC,1,2014
3487,149,IPC,1,2014
3487,34,IPC,1,2014
1574,506,IPC,2,2014
1574,420,IPC,1,2014
1574,467,IPC,1,2014
1574,409,IPC,1,2014
1574,324,IPC,1,2014
1574,293,IPC,1,2014
1574,34,IPC,3,2014
1574,469,IPC,1,2014
1574,471,IPC,1,2014
1574,323,IPC,1,2014
1574,294,IPC,1,2014
747,34,IPC,2,2014
747,186,IPC,1,2014
747,294,IPC,1,2014
747,188,IPC,1,2014
6970,332,IPC,1,2014
6970,124,IPC,1,2014
6970,147,IPC,1,2014
6970,148,IPC,1,2014
6970,120,IPC,1,2014
6970,120,IPC,1,2014
7136,406,IPC,1,2014
7136,420,IPC,1,2014
7136,143,IPC,1,2014
7136,353,IPC,1,2014
7136,147,IPC,1,2014
7136,148,IPC,1,2014
7136,447,IPC,1,2014
7136,120,IPC,1,2014
7110,143,IPC,1,2014
7110,341,IPC,1,2014
7110,188,IPC,1,2014
826,431,IPC,1,2014
826,341,IPC,1,2014
826,143,IPC,1,2014
826,149,IPC,1,2014
1727,302,IPC,1,2014
1727,307,IPC,1,2014
1727,395,IPC,1,2014
1727,397,IPC,1,2014
1727,436,IPC,1,2014
1727,147,IPC,1,2014
1727,148,IPC,1,2014
1727,149,IPC,1,2014
37,153,IPC,2,2014
37,171,IPC,2,2014
37,307,IPC,2,2014
37,506,IPC,2,2014
37,171,IPC,1,2014
37,379,IPC,1,2014
37,153,IPC,1,2014
37,295,IPC,1,2014
37,332,IPC,1,2014
37,414,IPC,1,2014
37,431,IPC,1,2014
37,384,IPC,1,2014
37,313,IPC,1,2014
37,188,IPC,7,2014
37,341,IPC,4,2014
37,323,IPC,4,2014
37,353,IPC,3,2014
37,147,IPC,3,2014
37,149,IPC,3,2014
37,504,IPC,3,2014
37,148,IPC,2,2014
37,385,IPC,2,2014
37,34,IPC,2,2014
37,337,IPC,2,2014
37,120,IPC,1,2014
37,434,IPC,1,2014
37,288,IPC,1,2014
37,426,IPC,1,2014
37,448,IPC,1,2014
37,143,IPC,1,2014
37,298,IPC,1,2014
37,441,IPC,1,2014
37,342,IPC,1,2014
3967,506,IPC,1,2014
3967,307,IPC,1,2014
3967,147,IPC,3,2014
3967,148,IPC,3,2014
3967,341,IPC,3,2014
3967,323,IPC,3,2014
3967,353,IPC,3,2014
3967,149,IPC,2,2014
3967,504,IPC,2,2014
3967,342,IPC,1,2014
3967,34,IPC,1,2014
3967,427,IPC,1,2014
3967,188,IPC,1,2014
3967,337,IPC,1,2014
3967,338,IPC,1,2014
4736,171,IPC,2,2014
4736,506,IPC,1,2014
4736,324,IPC,1,2014
4736,307,IPC,1,2014
4736,188,IPC,3,2014
4736,143,IPC,2,2014
4736,283,IPC,2,2014
4736,144,IPC,2,2014
4736,341,IPC,2,2014
4736,147,IPC,1,2014
4736,148,IPC,1,2014
4736,149,IPC,1,2014
4736,323,IPC,1,2014
4736,337,IPC,1,2014
4736,504,IPC,1,2014
4736,290,IPC,1,2014
4736,120,IPC,1,2014
4736,291,IPC,1,2014
4736,186,IPC,1,2014
4736,427,IPC,1,2014
4736,353,IPC,1,2014
4736,447,IPC,1,2014
2912,147,IPC,3,2014
2912,34,IPC,3,2014
2912,427,IPC,2,2014
2912,149,IPC,2,2014
2912,323,IPC,2,2014
2912,341,IPC,2,2014
2912,148,IPC,1,2014
2912,336,IPC,1,2014
2912,294,IPC,1,2014
565,171,IPC,1,2014
565,506,IPC,1,2014
565,188,IPC,1,2014
565,143,IPC,1,2014
565,147,IPC,1,2014
565,341,IPC,1,2014
565,342,IPC,1,2014
565,149,IPC,1,2014
1075,146,IPC,1,2014
1075,147,IPC,1,2014
3750,153,IPC,3,2014
3750,506,IPC,2,2014
3750,307,IPC,1,2014
3750,332,IPC,1,2014
3750,295,IPC,1,2014
3750,295,IPC,1,2014
3750,143,IPC,4,2014
3750,149,IPC,4,2014
3750,147,IPC,3,2014
3750,504,IPC,2,2014
3750,323,IPC,2,2014
3750,341,IPC,2,2014
3750,120,IPC,1,2014
3750,283,IPC,1,2014
3750,188,IPC,1,2014
3750,189,IPC,1,2014
3750,448,IPC,1,2014
3750,342,IPC,1,2014
3750,120,IPC,1,2014
3750,153,IPC,1,2014
2193,153,IPC,3,2014
2193,506,IPC,2,2014
2193,307,IPC,1,2014
2193,332,IPC,1,2014
2193,295,IPC,1,2014
2193,295,IPC,1,2014
2193,143,IPC,4,2014
2193,149,IPC,4,2014
2193,147,IPC,3,2014
2193,504,IPC,2,2014
2193,323,IPC,2,2014
2193,341,IPC,2,2014
2193,448,IPC,1,2014
2193,342,IPC,1,2014
2193,120,IPC,1,2014
2193,153,IPC,1,2014
2193,120,IPC,1,2014
2193,283,IPC,1,2014
2193,188,IPC,1,2014
2193,189,IPC,1,2014
4497,188,IPC,1,2014
3236,506,IPC,1,2014
3236,143,IPC,1,2014
3236,294,IPC,1,2014
3236,34,IPC,1,2014
7226,324,IPC,1,2014
7226,332,IPC,1,2014
7226,143,IPC,2,2014
7226,147,IPC,2,2014
7226,149,IPC,2,2014
7226,353,IPC,2,2014
7226,148,IPC,1,2014
7226,336,IPC,1,2014
7226,427,IPC,1,2014
7226,34,IPC,1,2014
2662,324,IPC,1,2014
2662,379,IPC,1,2014
2662,341,IPC,1,2014
2662,323,IPC,1,2014
2662,504,IPC,1,2014
2662,34,IPC,1,2014
3242,247,IPC,1,2014
3242,188,IPC,2,2014
3242,427,IPC,1,2014
838,447,IPC,1,2014
838,427,IPC,1,2014
838,504,IPC,1,2014
838,34,IPC,1,2014
1950,308,IPC,1,2014
1950,384,IPC,1,2014
1950,143,IPC,1,2014
1950,147,IPC,1,2014
1950,148,IPC,1,2014
1950,149,IPC,1,2014
1950,34,IPC,1,2014
1950,323,IPC,1,2014
1950,341,IPC,1,2014
3087,188,IPC,1,2014
4962,395,IPC,1,2014
4962,325,IPC,1,2014
2488,174,IPC,1,2014
4812,326,IPC,1,2014
4812,324,IPC,1,2014
4812,323,IPC,1,2014
4812,34,IPC,1,2014
4812,353,IPC,1,2014
3351,448,IPC,1,2014
3351,427,IPC,1,2014
3351,34,IPC,1,2014
5252,420,IPC,2,2014
5252,406,IPC,2,2014
5252,386,IPC,1,2014
5252,504,IPC,1,2014
3671,451,IPC,1,2014
3671,143,IPC,1,2014
3671,147,IPC,1,2014
3671,149,IPC,1,2014
3671,355,IPC,1,2014
1547,332,IPC,1,2014
1547,353,IPC,1,2014
1547,294,IPC,1,2014
4464,171,IPC,2,2014
4464,188,IPC,2,2014
2163,143,IPC,2,2014
2163,149,IPC,2,2014
2163,147,IPC,1,2014
2163,447,IPC,1,2014
2163,427,IPC,1,2014
2163,144,IPC,1,2014
2163,120,IPC,1,2014
5581,153,IPC,1,2014
5581,153,IPC,1,2014
5581,295,IPC,1,2014
5581,143,IPC,1,2014
5581,188,IPC,1,2014
5581,294,IPC,1,2014
5581,509,IPC,1,2014
6285,468,IPC,2,2014
6285,420,IPC,1,2014
6285,467,IPC,1,2014
6285,365,IPC,1,2014
6285,188,IPC,2,2014
6285,147,IPC,2,2014
6285,471,IPC,2,2014
6285,341,IPC,2,2014
6285,143,IPC,1,2014
6285,323,IPC,1,2014
6285,427,IPC,1,2014
6285,148,IPC,1,2014
6285,151,IPC,1,2014
6285,465,IPC,1,2014
6285,109,IPC,1,2014
2911,332,IPC,2,2014
2911,506,IPC,1,2014
2911,188,IPC,2,2014
2911,186,IPC,2,2014
2911,147,IPC,1,2014
2911,294,IPC,1,2014
2911,427,IPC,1,2014
2911,353,IPC,1,2014
2911,341,IPC,1,2014
7580,302,IPC,1,2014
7445,406,IPC,1,2014
7445,420,IPC,1,2014
3499,371,IPC,1,2014
3499,435,IPC,1,2014
3499,332,IPC,1,2014
3499,506,IPC,1,2014
3499,143,IPC,3,2014
3499,147,IPC,2,2014
3499,341,IPC,2,2014
3499,342,IPC,2,2014
3499,120,IPC,1,2014
3499,109,IPC,1,2014
3499,146,IPC,1,2014
3499,189,IPC,1,2014
3499,353,IPC,1,2014
3499,504,IPC,1,2014
1685,420,IPC,1,2014
1685,468,IPC,1,2014
1685,406,IPC,1,2014
1685,477,IPC,1,2014
1685,465,IPC,1,2014
1685,471,IPC,1,2014
1685,200,IPC,1,2014
1685,120,IPC,1,2014
5704,379,IPC,1,2014
5704,147,IPC,1,2014
5704,448,IPC,1,2014
34,435,IPC,1,2014
34,506,IPC,1,2014
34,307,IPC,1,2014
34,341,IPC,3,2014
34,147,IPC,2,2014
34,323,IPC,2,2014
34,353,IPC,2,2014
34,149,IPC,2,2014
34,120,IPC,1,2014
34,143,IPC,1,2014
34,145,IPC,1,2014
34,150,IPC,1,2014
34,109,IPC,1,2014
34,186,IPC,1,2014
34,187,IPC,1,2014
34,283,IPC,1,2014
34,290,IPC,1,2014
34,188,IPC,1,2014
34,291,IPC,1,2014
34,148,IPC,1,2014
34,337,IPC,1,2014
34,338,IPC,1,2014
34,427,IPC,1,2014
34,504,IPC,1,2014
7103,409,IPC,1,2014
7103,420,IPC,1,2014
7103,468,IPC,1,2014
7103,120,IPC,1,2014
7103,471,IPC,1,2014
2582,354,IPC,1,2014
2582,506,IPC,1,2014
2582,253,IPC,1,2014
2582,332,IPC,1,2014
2582,504,IPC,3,2014
2582,114,IPC,2,2014
2582,342,IPC,1,2014
2582,34,IPC,1,2014
2582,143,IPC,1,2014
2582,323,IPC,1,2014
2582,149,IPC,1,2014
2582,441,IPC,1,2014
2582,427,IPC,1,2014
2582,447,IPC,1,2014
2582,223,IPC,1,2014
2582,224,IPC,1,2014
7603,153,IPC,2,2014
7603,124,IPC,1,2014
7603,109,IPC,1,2014
7603,500,IPC,1,2014
7603,147,IPC,1,2014
7603,341,IPC,1,2014
4335,420,IPC,5,2014
4335,406,IPC,3,2014
4335,468,IPC,2,2014
4335,467,IPC,1,2014
4335,324,IPC,1,2014
4335,307,IPC,1,2014
4335,120,IPC,4,2014
4335,465,IPC,2,2014
4335,471,IPC,1,2014
7113,324,IPC,2,2014
7113,452,IPC,1,2014
7113,323,IPC,2,2014
7113,147,IPC,2,2014
7113,148,IPC,2,2014
7113,294,IPC,1,2014
7113,427,IPC,1,2014
7113,143,IPC,1,2014
7113,341,IPC,1,2014
7113,188,IPC,1,2014
147,188,IPC,2,2014
147,171,IPC,2,2014
147,504,IPC,1,2014
147,143,IPC,1,2014
3161,506,IPC,1,2014
3161,504,IPC,1,2014
3491,332,IPC,1,2014
3491,324,IPC,1,2014
3491,420,IPC,1,2014
3491,406,IPC,1,2014
3491,34,IPC,2,2014
3491,143,IPC,1,2014
3491,147,IPC,1,2014
3491,148,IPC,1,2014
3491,149,IPC,1,2014
3491,353,IPC,1,2014
3491,323,IPC,1,2014
3491,427,IPC,1,2014
3491,188,IPC,1,2014
84,500,IPC,1,2014
84,34,IPC,1,2014
667,171,IPC,1,2014
2697,171,IPC,1,2014
1561,467,IPC,1,2014
1561,468,IPC,1,2014
1561,420,IPC,1,2014
1561,406,IPC,1,2014
1561,409,IPC,1,2014
1561,471,IPC,1,2014
1561,34,IPC,1,2014
1522,332,IPC,2,2014
1522,436,IPC,2,2014
1522,143,IPC,4,2014
1522,353,IPC,3,2014
1522,149,IPC,3,2014
1522,427,IPC,2,2014
1522,336,IPC,2,2014
1522,448,IPC,2,2014
1522,147,IPC,1,2014
1522,323,IPC,1,2014
1522,348,IPC,1,2014
3501,435,IPC,3,2014
3501,324,IPC,2,2014
3501,332,IPC,2,2014
3501,333,IPC,2,2014
3501,326,IPC,1,2014
3501,302,IPC,1,2014
3501,307,IPC,1,2014
3501,395,IPC,1,2014
3501,134,IPC,1,2014
3501,304,IPC,1,2014
3501,34,IPC,11,2014
3501,143,IPC,7,2014
3501,341,IPC,7,2014
3501,427,IPC,7,2014
3501,149,IPC,6,2014
3501,153,IPC,4,2014
3501,147,IPC,4,2014
3501,188,IPC,3,2014
3501,109,IPC,3,2014
3501,148,IPC,3,2014
3501,323,IPC,3,2014
3501,353,IPC,3,2014
3501,336,IPC,2,2014
3501,337,IPC,2,2014
3501,117,IPC,1,2014
3501,294,IPC,1,2014
3501,447,IPC,1,2014
2642,452,IPC,1,2014
2642,506,IPC,1,2014
2642,380,IPC,1,2014
2642,341,IPC,1,2014
2642,323,IPC,1,2014
2642,504,IPC,1,2014
2642,34,IPC,1,2014
3049,324,IPC,1,2014
3049,506,IPC,1,2014
750,145,IPC,1,2014
750,146,IPC,1,2014
750,147,IPC,1,2014
750,174,IPC,1,2014
3035,506,IPC,1,2014
3035,153,IPC,1,2014
3035,435,IPC,1,2014
3035,332,IPC,1,2014
3035,333,IPC,1,2014
3035,307,IPC,1,2014
3035,436,IPC,1,2014
3035,353,IPC,2,2014
3035,147,IPC,2,2014
3035,186,IPC,1,2014
3035,294,IPC,1,2014
3035,323,IPC,1,2014
3035,504,IPC,1,2014
3035,341,IPC,1,2014
3035,447,IPC,1,2014
3035,188,IPC,1,2014
3035,109,IPC,1,2014
3035,148,IPC,1,2014
3035,149,IPC,1,2014
5905,406,IPC,1,2014
5905,420,IPC,1,2014
1544,506,IPC,1,2014
1544,341,IPC,1,2014
1544,294,IPC,1,2014
1544,323,IPC,1,2014
1544,34,IPC,1,2014
2750,143,IPC,1,2014
2964,341,IPC,1,2014
2964,147,IPC,1,2014
2964,188,IPC,1,2014
2673,153,IPC,1,2014
2673,324,IPC,1,2014
2673,307,IPC,1,2014
2673,188,IPC,1,2014
2673,147,IPC,1,2014
2673,148,IPC,1,2014
2673,149,IPC,1,2014
2673,323,IPC,1,2014
2673,337,IPC,1,2014
2673,120,IPC,1,2014
1826,420,IPC,1,2014
846,143,IPC,1,2014
846,147,IPC,1,2014
846,148,IPC,1,2014
846,427,IPC,1,2014
846,447,IPC,1,2014
846,149,IPC,1,2014
4470,171,IPC,1,2014
4470,188,IPC,1,2014
5276,379,IPC,1,2014
5276,411,IPC,1,2014
5276,342,IPC,1,2014
5276,323,IPC,1,2014
5276,427,IPC,1,2014
5276,34,IPC,1,2014
1402,468,IPC,1,2014
1402,420,IPC,1,2014
1402,506,IPC,1,2014
1402,341,IPC,1,2014
1402,143,IPC,1,2014
1402,153,IPC,1,2014
1402,174,IPC,1,2014
1402,141,IPC,1,2014
1402,471,IPC,1,2014
1402,353,IPC,1,2014
1402,186,IPC,1,2014
1402,504,IPC,1,2014
2645,307,IPC,3,2014
2645,302,IPC,1,2014
2645,380,IPC,1,2014
2645,323,IPC,1,2014
2645,120,IPC,1,2014
2645,427,IPC,1,2014
2704,406,IPC,1,2014
2704,420,IPC,1,2014
2704,467,IPC,1,2014
2704,468,IPC,1,2014
2704,471,IPC,1,2014
2704,120,IPC,1,2014
2704,34,IPC,1,2014
3692,188,IPC,1,2014
2734,143,IPC,1,2014
2734,427,IPC,1,2014
2734,353,IPC,1,2014
2734,186,IPC,1,2014
2734,342,IPC,1,2014
88,188,IPC,1,2014
674,500,IPC,1,2014
2905,225,IPC,1,2014
2905,412,IPC,1,2014
2905,506,IPC,1,2014
2905,294,IPC,2,2014
2905,34,IPC,2,2014
2905,344,IPC,1,2014
2905,188,IPC,1,2014
2905,224,IPC,1,2014
2905,120,IPC,1,2014
2905,323,IPC,1,2014
4787,34,IPC,2,2014
4787,448,IPC,1,2014
4787,427,IPC,1,2014
5950,332,IPC,1,2014
5950,411,IPC,1,2014
5950,415,IPC,1,2014
5950,143,IPC,1,2014
5950,147,IPC,1,2014
5950,149,IPC,1,2014
5950,323,IPC,1,2014
5950,353,IPC,1,2014
5950,427,IPC,1,2014
5950,504,IPC,1,2014
4403,506,IPC,4,2014
4403,307,IPC,1,2014
4403,330,IPC,1,2014
4403,325,IPC,1,2014
4403,472,IPC,1,2014
4403,504,IPC,4,2014
4403,323,IPC,2,2014
4403,120,IPC,1,2014
4403,147,IPC,1,2014
4403,148,IPC,1,2014
4403,149,IPC,1,2014
4403,342,IPC,1,2014
4403,425,IPC,1,2014
1941,143,IPC,1,2014
1941,147,IPC,1,2014
1941,188,IPC,1,2014
1941,283,IPC,1,2014
1941,149,IPC,1,2014
2774,307,IPC,1,2014
2774,171,IPC,1,2014
2774,143,IPC,1,2014
2774,342,IPC,1,2014
2774,353,IPC,1,2014
2774,323,IPC,1,2014
2774,504,IPC,1,2014
2774,107,IPC,1,2014
2774,171,IPC,1,2014
6824,420,IPC,1,2014
1813,171,IPC,3,2014
1813,420,IPC,1,2014
1813,406,IPC,1,2014
2773,406,IPC,1,2014
2773,420,IPC,1,2014
2773,504,IPC,1,2014
1173,341,IPC,1,2014
1173,294,IPC,1,2014
1173,323,IPC,1,2014
1173,34,IPC,1,2014
4353,354,IPC,1,2014
4353,506,IPC,1,2014
4353,143,IPC,1,2014
4353,341,IPC,1,2014
4353,323,IPC,1,2014
2967,451,IPC,1,2014
2967,452,IPC,1,2014
2967,325,IPC,1,2014
2967,326,IPC,1,2014
2967,427,IPC,1,2014
2967,323,IPC,1,2014
956,332,IPC,1,2014
956,324,IPC,1,2014
956,326,IPC,1,2014
956,307,IPC,1,2014
956,147,IPC,4,2014
956,188,IPC,3,2014
956,283,IPC,3,2014
956,149,IPC,3,2014
956,143,IPC,2,2014
956,145,IPC,2,2014
956,148,IPC,1,2014
956,352,IPC,1,2014
3707,324,IPC,1,2014
3707,504,IPC,1,2014
888,435,IPC,1,2014
888,148,IPC,1,2014
888,341,IPC,1,2014
888,149,IPC,1,2014
2644,324,IPC,1,2014
2644,307,IPC,1,2014
2644,302,IPC,1,2014
2644,147,IPC,1,2014
2644,148,IPC,1,2014
2644,149,IPC,1,2014
2644,34,IPC,1,2014
2644,120,IPC,1,2014
342,143,IPC,2,2014
342,149,IPC,2,2014
342,147,IPC,2,2014
342,283,IPC,2,2014
342,188,IPC,1,2014
163,333,IPC,1,2014
163,325,IPC,1,2014
163,326,IPC,1,2014
163,307,IPC,1,2014
163,148,IPC,1,2014
163,149,IPC,1,2014
163,427,IPC,1,2014
2877,143,IPC,1,2014
2877,188,IPC,1,2014
2877,353,IPC,1,2014
2877,283,IPC,1,2014
5038,353,IPC,1,2014
7596,147,IPC,1,2014
7596,148,IPC,1,2014
7596,341,IPC,1,2014
953,427,IPC,1,2014
5875,420,IPC,1,2014
5875,406,IPC,1,2014
3266,431,IPC,1,2014
3266,506,IPC,1,2014
3266,143,IPC,3,2014
3266,149,IPC,3,2014
3266,283,IPC,2,2014
3266,341,IPC,1,2014
3266,447,IPC,1,2014
3266,186,IPC,1,2014
7183,409,IPC,2,2014
7183,406,IPC,1,2014
7183,420,IPC,1,2014
7183,500,IPC,2,2014
7183,34,IPC,1,2014
7183,188,IPC,1,2014
7183,341,IPC,1,2014
1912,451,IPC,1,2014
1912,143,IPC,1,2014
1912,147,IPC,1,2014
1912,353,IPC,1,2014
1912,149,IPC,1,2014
1978,143,IPC,1,2014
1978,145,IPC,1,2014
1978,147,IPC,1,2014
1978,341,IPC,1,2014
1978,149,IPC,1,2014
97,354,IPC,1,2014
97,506,IPC,1,2014
97,153,IPC,1,2014
97,341,IPC,1,2014
97,323,IPC,1,2014
97,294,IPC,1,2014
97,34,IPC,1,2014
97,143,IPC,1,2014
97,188,IPC,1,2014
97,353,IPC,1,2014
97,149,IPC,1,2014
1285,146,IPC,1,2014
1285,147,IPC,1,2014
1285,148,IPC,1,2014
1317,452,IPC,1,2014
1317,506,IPC,1,2014
1317,365,IPC,1,2014
1719,325,IPC,1,2014
1719,506,IPC,1,2014
1719,504,IPC,1,2014
4729,143,IPC,1,2014
4729,448,IPC,1,2014
4729,353,IPC,1,2014
4729,427,IPC,1,2014
339,420,IPC,2,2014
339,468,IPC,2,2014
339,406,IPC,1,2014
339,465,IPC,2,2014
339,471,IPC,2,2014
339,469,IPC,1,2014
3723,420,IPC,1,2014
2342,332,IPC,1,2014
2342,341,IPC,1,2014
2342,323,IPC,1,2014
2342,143,IPC,1,2014
2342,149,IPC,1,2014
2342,353,IPC,1,2014
2342,283,IPC,1,2014
4817,386,IPC,1,2014
4817,324,IPC,1,2014
4817,452,IPC,1,2014
4817,294,IPC,1,2014
4817,323,IPC,1,2014
4817,148,IPC,1,2014
4817,149,IPC,1,2014
4817,427,IPC,1,2014
2670,511,IPC,1,2014
2670,171,IPC,1,2014
2670,171,IPC,1,2014
2670,506,IPC,1,2014
2670,188,IPC,2,2014
2670,341,IPC,1,2014
2670,352,IPC,1,2014
2670,427,IPC,1,2014
2670,34,IPC,1,2014
1181,153,IPC,1,2014
1181,172,IPC,1,2014
5182,181,IPC,1,2014
5182,420,IPC,1,2014
5182,468,IPC,1,2014
5182,39,IPC,1,2014
5182,44,IPC,1,2014
5182,178,IPC,1,2014
5182,179,IPC,1,2014
5182,469,IPC,1,2014
5182,471,IPC,1,2014
5182,34,IPC,1,2014
371,324,IPC,1,2014
371,379,IPC,1,2014
371,147,IPC,3,2014
371,148,IPC,3,2014
371,149,IPC,3,2014
371,323,IPC,2,2014
371,427,IPC,2,2014
371,426,IPC,1,2014
371,337,IPC,1,2014
371,447,IPC,1,2014
489,307,IPC,1,2014
489,295,IPC,1,2014
489,379,IPC,1,2014
489,147,IPC,4,2014
489,149,IPC,4,2014
489,427,IPC,4,2014
489,148,IPC,3,2014
489,353,IPC,3,2014
489,423,IPC,1,2014
489,448,IPC,1,2014
489,323,IPC,1,2014
489,342,IPC,1,2014
489,504,IPC,1,2014
489,461,IPC,1,2014
489,471,IPC,1,2014
489,337,IPC,1,2014
489,143,IPC,1,2014
489,188,IPC,1,2014
489,385,IPC,1,2014
489,341,IPC,1,2014
2140,506,IPC,1,2014
2140,323,IPC,1,2014
2140,504,IPC,1,2014
2140,427,IPC,1,2014
2140,34,IPC,1,2014
296,143,IPC,2,2014
296,147,IPC,2,2014
296,149,IPC,1,2014
296,353,IPC,1,2014
296,283,IPC,1,2014
954,324,IPC,1,2014
954,332,IPC,1,2014
954,333,IPC,1,2014
954,143,IPC,5,2014
954,147,IPC,5,2014
954,283,IPC,5,2014
954,149,IPC,5,2014
954,148,IPC,2,2014
954,188,IPC,2,2014
954,500,IPC,1,2014
954,145,IPC,1,2014
954,323,IPC,1,2014
954,34,IPC,1,2014
954,353,IPC,1,2014
4456,506,IPC,1,2014
4456,328,IPC,1,2014
4456,327,IPC,1,2014
4456,384,IPC,1,2014
4456,379,IPC,1,2014
4456,147,IPC,2,2014
4456,323,IPC,2,2014
4456,120,IPC,1,2014
4456,188,IPC,1,2014
4456,149,IPC,1,2014
4456,427,IPC,1,2014
4456,341,IPC,1,2014
4456,500,IPC,1,2014
4456,447,IPC,1,2014
4456,347,IPC,1,2014
4456,109,IPC,1,2014
4456,34,IPC,1,2014
3263,499,IPC,7,2014
3263,500,IPC,7,2014
3263,501,IPC,7,2014
3263,502,IPC,7,2014
3388,354,IPC,1,2014
3879,394,IPC,1,2014
3947,181,IPC,1,2014
3947,341,IPC,2,2014
3947,143,IPC,1,2014
3947,323,IPC,1,2014
6333,506,IPC,1,2014
6333,495,IPC,1,2014
6333,147,IPC,1,2014
6333,341,IPC,1,2014
6333,336,IPC,1,2014
6333,120,IPC,1,2014
6333,148,IPC,1,2014
6333,349,IPC,1,2014
6333,309,IPC,1,2014
6308,153,IPC,3,2014
6308,153,IPC,1,2014
6308,295,IPC,1,2014
6308,505,IPC,1,2014
6308,153,IPC,1,2014
6308,153,IPC,2,2014
6308,504,IPC,1,2014
6308,143,IPC,1,2014
6308,183,IPC,1,2014
6308,188,IPC,1,2014
7156,143,IPC,1,2014
7156,188,IPC,1,2014
1954,333,IPC,1,2014
1954,143,IPC,2,2014
1954,147,IPC,2,2014
1954,283,IPC,2,2014
1954,149,IPC,2,2014
1954,188,IPC,1,2014
1954,109,IPC,1,2014
1954,114,IPC,1,2014
1954,427,IPC,1,2014
2317,323,IPC,1,2014
2317,341,IPC,1,2014
1417,420,IPC,1,2014
1417,468,IPC,1,2014
1417,406,IPC,1,2014
1417,471,IPC,1,2014
1417,34,IPC,1,2014
2701,354,IPC,1,2014
2701,380,IPC,1,2014
2701,147,IPC,2,2014
2701,148,IPC,1,2014
2701,341,IPC,1,2014
2701,323,IPC,1,2014
2701,504,IPC,1,2014
2701,448,IPC,1,2014
1761,420,IPC,1,2014
1761,506,IPC,1,2014
1761,406,IPC,1,2014
134,147,IPC,1,2014
134,188,IPC,1,2014
134,34,IPC,1,2014
4493,188,IPC,2,2014
4493,341,IPC,1,2014
4493,323,IPC,1,2014
4493,353,IPC,1,2014
4493,427,IPC,1,2014
4493,479,IPC,1,2014
4493,34,IPC,1,2014
4493,171,IPC,1,2014
4493,143,IPC,1,2014
7022,307,IPC,19,2014
7022,121,IPC,16,2014
7022,124,IPC,16,2014
7022,153,IPC,13,2014
7022,431,IPC,12,2014
7022,452,IPC,8,2014
7022,121,IPC,7,2014
7022,324,IPC,7,2014
7022,153,IPC,6,2014
7022,379,IPC,5,2014
7022,395,IPC,3,2014
7022,436,IPC,3,2014
7022,332,IPC,3,2014
7022,435,IPC,2,2014
7022,387,IPC,2,2014
7022,506,IPC,2,2014
7022,380,IPC,1,2014
7022,437,IPC,1,2014
7022,455,IPC,1,2014
7022,333,IPC,1,2014
7022,397,IPC,1,2014
7022,125,IPC,1,2014
7022,438,IPC,1,2014
7022,188,IPC,290,2014
7022,143,IPC,283,2014
7022,149,IPC,172,2014
7022,291,IPC,151,2014
7022,34,IPC,119,2014
7022,157,IPC,113,2014
7022,147,IPC,81,2014
7022,148,IPC,46,2014
7022,427,IPC,37,2014
7022,341,IPC,26,2014
7022,353,IPC,24,2014
7022,120,IPC,15,2014
7022,323,IPC,11,2014
7022,447,IPC,11,2014
7022,500,IPC,8,2014
7022,109,IPC,4,2014
7022,342,IPC,4,2014
7022,150,IPC,3,2014
7022,374,IPC,3,2014
7022,151,IPC,3,2014
7022,189,IPC,2,2014
7022,385,IPC,1,2014
7022,140,IPC,1,2014
7022,186,IPC,1,2014
7022,120,IPC,1,2014
7022,338,IPC,1,2014
7022,187,IPC,1,2014
7022,283,IPC,1,2014
7022,355,IPC,1,2014
69,332,IPC,1,2014
69,147,IPC,1,2014
69,148,IPC,1,2014
69,149,IPC,1,2014
69,186,IPC,1,2014
69,188,IPC,1,2014
69,353,IPC,1,2014
5055,452,IPC,1,2014
5055,477,IPC,1,2014
5055,188,IPC,1,2014
5055,447,IPC,1,2014
5055,448,IPC,1,2014
5055,323,IPC,1,2014
190,114,IPC,1,2014
190,141,IPC,1,2014
2821,406,IPC,1,2014
2821,408,IPC,1,2014
2821,409,IPC,1,2014
2821,420,IPC,1,2014
233,193,IPC,1,2014
554,188,IPC,3,2014
554,171,IPC,1,2014
376,341,IPC,1,2014
376,323,IPC,1,2014
376,504,IPC,1,2014
376,427,IPC,1,2014
376,353,IPC,1,2014
4914,171,IPC,1,2014
4914,171,IPC,1,2014
1886,143,IPC,2,2014
1886,147,IPC,2,2014
1886,149,IPC,2,2014
1886,34,IPC,2,2014
1886,188,IPC,1,2014
1886,341,IPC,1,2014
1886,323,IPC,1,2014
1886,353,IPC,1,2014
1886,290,IPC,1,2014
1886,283,IPC,1,2014
7500,307,IPC,1,2014
7500,408,IPC,1,2014
7500,420,IPC,1,2014
7500,171,IPC,1,2014
7500,363,IPC,1,2014
7500,341,IPC,7,2014
7500,143,IPC,7,2014
7500,188,IPC,7,2014
7500,147,IPC,1,2014
7500,148,IPC,1,2014
7500,353,IPC,1,2014
7500,323,IPC,1,2014
7500,285,IPC,1,2014
955,324,IPC,1,2014
955,332,IPC,1,2014
955,143,IPC,2,2014
955,147,IPC,2,2014
955,283,IPC,2,2014
955,149,IPC,1,2014
955,148,IPC,1,2014
955,188,IPC,1,2014
4300,171,IPC,1,2014
4300,188,IPC,2,2014
4300,147,IPC,1,2014
7131,323,IPC,1,2014
7528,124,IPC,1,2014
7528,500,IPC,4,2014
7018,171,IPC,3,2014
7018,171,IPC,3,2014
7018,188,IPC,1,2014
869,506,IPC,2,2014
869,304,IPC,1,2014
869,201,IPC,1,2014
869,332,IPC,1,2014
869,307,IPC,1,2014
869,153,IPC,1,2014
869,153,IPC,1,2014
869,302,IPC,1,2014
869,216,IPC,1,2014
869,363,IPC,1,2014
869,147,IPC,4,2014
869,149,IPC,4,2014
869,148,IPC,3,2014
869,152,IPC,1,2014
869,341,IPC,1,2014
869,218,IPC,1,2014
869,342,IPC,1,2014
869,188,IPC,1,2014
869,353,IPC,1,2014
869,186,IPC,1,2014
869,114,IPC,1,2014
869,151,IPC,1,2014
2453,143,IPC,1,2014
2453,188,IPC,1,2014
2453,283,IPC,1,2014
2634,431,IPC,1,2014
2634,143,IPC,1,2014
2634,353,IPC,1,2014
2634,149,IPC,1,2014
6261,147,IPC,1,2014
6261,188,IPC,1,2014
5682,324,IPC,1,2014
5682,147,IPC,1,2014
5682,148,IPC,1,2014
5682,323,IPC,1,2014
5662,506,IPC,1,2014
5662,143,IPC,4,2014
5662,147,IPC,3,2014
5662,145,IPC,2,2014
5662,149,IPC,2,2014
5662,353,IPC,2,2014
5662,504,IPC,2,2014
5662,427,IPC,2,2014
5662,323,IPC,2,2014
5662,342,IPC,1,2014
5662,336,IPC,1,2014
5662,337,IPC,1,2014
5662,148,IPC,1,2014
5662,341,IPC,1,2014
1246,390,IPC,1,2014
1246,147,IPC,1,2014
1246,149,IPC,1,2014
1246,341,IPC,1,2014
1246,342,IPC,1,2014
1246,353,IPC,1,2014
1246,291,IPC,1,2014
4170,341,IPC,1,2014
4170,323,IPC,1,2014
4170,504,IPC,1,2014
4170,34,IPC,1,2014
4455,171,IPC,1,2014
2913,147,IPC,1,2014
2913,148,IPC,1,2014
2913,341,IPC,1,2014
1667,211,IPC,1,2014
1667,186,IPC,1,2014
1667,353,IPC,1,2014
1667,147,IPC,1,2014
1667,148,IPC,1,2014
1667,149,IPC,1,2014
1667,34,IPC,1,2014
1667,500,IPC,1,2014
1908,143,IPC,2,2014
1908,145,IPC,2,2014
1908,147,IPC,2,2014
1908,448,IPC,2,2014
1908,149,IPC,2,2014
432,380,IPC,1,2014
432,457,IPC,1,2014
432,506,IPC,1,2014
432,452,IPC,1,2014
432,436,IPC,1,2014
432,148,IPC,2,2014
432,34,IPC,2,2014
432,147,IPC,1,2014
432,447,IPC,1,2014
432,203,IPC,1,2014
432,149,IPC,1,2014
432,341,IPC,1,2014
432,342,IPC,1,2014
432,427,IPC,1,2014
2183,147,IPC,2,2014
2183,146,IPC,1,2014
2183,143,IPC,1,2014
2183,148,IPC,1,2014
2183,341,IPC,1,2014
2183,186,IPC,1,2014
2183,188,IPC,1,2014
2183,336,IPC,1,2014
3642,324,IPC,1,2014
3642,452,IPC,1,2014
3642,143,IPC,5,2014
3642,147,IPC,4,2014
3642,149,IPC,4,2014
3642,144,IPC,3,2014
3642,145,IPC,3,2014
3642,427,IPC,3,2014
3642,148,IPC,2,2014
3642,323,IPC,2,2014
3642,341,IPC,2,2014
3642,146,IPC,1,2014
3642,448,IPC,1,2014
3642,141,IPC,1,2014
3642,336,IPC,1,2014
3642,353,IPC,1,2014
5663,309,IPC,1,2014
3141,147,IPC,1,2014
3141,148,IPC,1,2014
3141,353,IPC,1,2014
3141,427,IPC,1,2014
1693,325,IPC,1,2014
1693,452,IPC,1,2014
1693,323,IPC,1,2014
1693,352,IPC,1,2014
1693,504,IPC,1,2014
1618,171,IPC,1,2014
1618,171,IPC,1,2014
416,420,IPC,1,2014
416,467,IPC,1,2014
416,468,IPC,1,2014
416,419,IPC,1,2014
416,471,IPC,1,2014
416,120,IPC,1,2014
4312,147,IPC,1,2014
4312,282,IPC,1,2014
4312,336,IPC,1,2014
4312,341,IPC,1,2014
4312,427,IPC,1,2014
3587,452,IPC,1,2014
3587,301,IPC,1,2014
3587,506,IPC,1,2014
3587,143,IPC,4,2014
3587,353,IPC,1,2014
3587,147,IPC,1,2014
3587,337,IPC,1,2014
3587,427,IPC,1,2014
3587,341,IPC,1,2014
3587,342,IPC,1,2014
3587,343,IPC,1,2014
3587,294,IPC,1,2014
3587,504,IPC,1,2014
5825,324,IPC,2,2014
5825,325,IPC,2,2014
5825,395,IPC,2,2014
5825,506,IPC,2,2014
5825,143,IPC,3,2014
5825,147,IPC,2,2014
5825,148,IPC,2,2014
5825,323,IPC,2,2014
5825,427,IPC,2,2014
5825,504,IPC,2,2014
5825,34,IPC,2,2014
5825,141,IPC,1,2014
5825,353,IPC,1,2014
5859,306,IPC,1,2014
3512,143,IPC,1,2014
3512,149,IPC,1,2014
3512,427,IPC,1,2014
3516,354,IPC,1,2014
3516,506,IPC,1,2014
3516,323,IPC,1,2014
5900,506,IPC,2,2014
5900,332,IPC,1,2014
5900,34,IPC,2,2014
5900,504,IPC,2,2014
5900,143,IPC,1,2014
5900,149,IPC,1,2014
5900,341,IPC,1,2014
5900,188,IPC,1,2014
1060,143,IPC,1,2014
1060,341,IPC,1,2014
1060,149,IPC,1,2014
3055,386,IPC,1,2014
3055,506,IPC,1,2014
3055,379,IPC,1,2014
3055,504,IPC,1,2014
5058,506,IPC,1,2014
5058,302,IPC,1,2014
5058,201,IPC,1,2014
5058,147,IPC,2,2014
5058,323,IPC,1,2014
5058,504,IPC,1,2014
5058,148,IPC,1,2014
224,420,IPC,4,2014
224,467,IPC,4,2014
224,468,IPC,4,2014
224,471,IPC,4,2014
224,120,IPC,4,2014
762,304,IPC,1,2014
4010,467,IPC,1,2014
4010,468,IPC,1,2014
4010,420,IPC,1,2014
4010,471,IPC,1,2014
5616,324,IPC,1,2014
5616,325,IPC,1,2014
4786,332,IPC,1,2014
4786,427,IPC,1,2014
4786,120,IPC,1,2014
4786,447,IPC,1,2014
4786,448,IPC,1,2014
4786,341,IPC,1,2014
4786,353,IPC,1,2014
4786,147,IPC,1,2014
4786,148,IPC,1,2014
4786,336,IPC,1,2014
4786,323,IPC,1,2014
720,143,IPC,4,2014
720,147,IPC,4,2014
720,283,IPC,4,2014
720,149,IPC,3,2014
720,188,IPC,1,2014
