State,PC Code,PC Name,Male Electors,Male Voters,Male Turnout,Female Electors,Female Voters,Female Turnout,Total Electors,Total Voters,Total Turnout
Andaman & Nicobar Islands,1,Andaman & Nicobar Islands,"1,42,782","1,01,178",70.86%,"1,26,578","89,150",70.43%,"2,69,360","1,90,328",70.66%
Andhra Pradesh,1,Adilabad,"6,87,389","5,19,364",75.56%,"6,98,844","5,26,475",75.34%,"13,86,233","10,45,839",75.44%
Andhra Pradesh,2,Peddapalle,"7,25,767","5,20,598",71.73%,"6,99,594","5,01,586",71.70%,"14,25,361","10,22,184",71.71%
Andhra Pradesh,3,Karimnagar,"7,77,458","5,52,489",71.06%,"7,73,376","5,73,202",74.12%,"15,50,834","11,25,691",72.59%
Andhra Pradesh,4,Nizamabad,"7,24,504","4,69,712",64.83%,"7,71,689","5,64,212",73.11%,"14,96,193","10,33,924",69.10%
Andhra Pradesh,5,Zahirabad,"7,17,811","5,46,746",76.17%,"7,27,435","5,48,060",75.34%,"14,45,246","10,94,806",75.75%
Andhra Pradesh,6,Medak,"7,75,903","6,06,863",78.21%,"7,60,812","5,84,233",76.79%,"15,36,715","11,91,096",77.51%
Andhra Pradesh,7,Malkajgiri,"17,23,413","8,78,093",50.95%,"14,59,912","7,42,304",50.85%,"31,83,325","16,20,397",50.90%
Andhra Pradesh,8,Secundrabad,"10,12,378","5,45,749",53.91%,"8,81,269","4,58,020",51.97%,"18,93,647","10,03,769",53.01%
Andhra Pradesh,9,Hyderabad,"9,61,290","5,26,510",54.77%,"8,62,374","4,44,911",51.59%,"18,23,664","9,71,421",53.27%
Andhra Pradesh,10,CHELVELLA,"11,53,049","6,96,749",60.43%,"10,32,130","6,19,113",59.98%,"21,85,179","13,15,862",60.22%
Andhra Pradesh,11,Mahbubnagar,"7,09,711","5,11,764",72.11%,"7,08,961","5,03,036",70.95%,"14,18,672","10,14,800",71.53%
Andhra Pradesh,12,Nagarkurnool,"7,45,038","5,70,342",76.55%,"7,32,300","5,38,626",73.55%,"14,77,338","11,08,968",75.07%
Andhra Pradesh,13,Nalgonda,"7,47,281","6,02,193",80.58%,"7,48,299","5,87,206",78.47%,"14,95,580","11,89,399",79.53%
Andhra Pradesh,14,Bhongir,"7,56,963","6,22,333",82.21%,"7,35,288","5,89,610",80.19%,"14,92,251","12,11,943",81.22%
Andhra Pradesh,15,Warangal,"7,71,756","5,92,484",76.77%,"7,66,025","5,82,147",76.00%,"15,37,781","11,74,631",76.38%
Andhra Pradesh,16,Mahabubabad,"6,88,398","5,62,073",81.65%,"6,98,945","5,62,297",80.45%,"13,87,343","11,24,370",81.04%
Andhra Pradesh,17,Khammam,"7,12,329","5,88,728",82.65%,"7,27,960","5,94,169",81.62%,"14,40,289","11,82,897",82.13%
Andhra Pradesh,18,Aruku,"6,22,416","4,51,350",72.52%,"6,50,308","4,58,264",70.47%,"12,72,724","9,09,614",71.47%
Andhra Pradesh,19,Srikakulam,"7,06,828","5,05,010",71.45%,"7,07,161","5,46,436",77.27%,"14,13,989","10,51,446",74.36%
Andhra Pradesh,20,Vizianagaram,"7,00,837","5,55,005",79.19%,"7,03,290","5,65,311",80.38%,"14,04,127","11,20,316",79.79%
Andhra Pradesh,21,Visakhapatnam,"8,75,187","5,85,270",66.87%,"8,47,850","5,78,288",68.21%,"17,23,037","11,63,558",67.53%
Andhra Pradesh,22,Anakapalli,"6,89,132","5,63,818",81.82%,"7,12,342","5,84,254",82.02%,"14,01,474","11,48,072",81.92%
Andhra Pradesh,23,Kakinada,"7,09,101","5,58,689",78.79%,"7,09,189","5,41,310",76.33%,"14,18,290","10,99,999",77.56%
Andhra Pradesh,24,Amalapuram,"6,82,607","5,68,534",83.29%,"6,75,259","5,52,393",81.80%,"13,57,866","11,20,927",82.55%
Andhra Pradesh,25,Rajahmundry,"7,01,707","5,77,999",82.37%,"7,19,581","5,76,382",80.10%,"14,21,288","11,54,381",81.22%
Andhra Pradesh,26,Narsapuram,"6,52,668","5,39,357",82.64%,"6,72,475","5,49,594",81.73%,"13,25,143","10,88,951",82.18%
Andhra Pradesh,27,Eluru,"7,06,916","5,97,603",84.54%,"7,20,844","6,04,093",83.80%,"14,27,760","12,01,696",84.17%
Andhra Pradesh,28,Machilipatnam,"6,75,774","5,67,908",84.04%,"6,93,537","5,73,157",82.64%,"13,69,311","11,41,065",83.33%
Andhra Pradesh,29,Vijayawada,"7,81,156","6,02,198",77.09%,"7,83,357","5,92,877",75.68%,"15,64,513","11,95,075",76.39%
Andhra Pradesh,30,Guntur,"7,73,027","6,17,483",79.88%,"7,98,989","6,27,443",78.53%,"15,72,016","12,44,926",79.19%
Andhra Pradesh,31,Narasaraopet,"7,48,465","6,38,080",85.25%,"7,66,396","6,43,978",84.03%,"15,14,861","12,82,058",84.63%
Andhra Pradesh,32,Bapatla,"6,86,482","5,87,223",85.54%,"7,06,483","5,97,411",84.56%,"13,92,965","11,84,634",85.04%
Andhra Pradesh,33,Ongole,"7,36,245","6,03,025",81.91%,"7,34,238","6,05,200",82.43%,"14,70,483","12,08,225",82.17%
Andhra Pradesh,34,Nandyal,"7,83,266","6,03,562",77.06%,"7,93,862","6,01,394",75.76%,"15,77,128","12,04,956",76.40%
Andhra Pradesh,35,Kurnool,"7,38,791","5,44,802",73.74%,"7,43,016","5,20,930",70.11%,"14,81,807","10,65,732",71.92%
Andhra Pradesh,36,Anantapur,"7,75,509","6,12,890",79.03%,"7,61,403","5,92,164",77.77%,"15,36,912","12,05,054",78.41%
Andhra Pradesh,37,Hindupur,"7,34,638","6,01,932",81.94%,"7,11,865","5,75,325",80.82%,"14,46,503","11,77,257",81.39%
Andhra Pradesh,38,Kadapa,"7,65,036","5,88,805",76.96%,"7,85,543","6,11,857",77.89%,"15,50,579","12,00,662",77.43%
Andhra Pradesh,39,Nellore,"7,96,583","5,93,468",74.50%,"8,09,557","5,94,180",73.40%,"16,06,140","11,87,648",73.94%
Andhra Pradesh,40,Tirupati,"7,78,778","6,04,834",77.66%,"7,95,766","6,08,230",76.43%,"15,74,544","12,13,064",77.04%
Andhra Pradesh,41,Rajampet,"7,35,347","5,73,019",77.92%,"7,52,151","5,85,298",77.82%,"14,87,498","11,58,317",77.87%
Andhra Pradesh,42,Chittoor,"7,23,996","5,98,259",82.63%,"7,28,145","6,00,656",82.49%,"14,52,141","11,98,915",82.56%
Arunachal Pradesh,1,ARUNACHAL WEST,"2,19,334","1,59,978",72.94%,"2,27,181","1,75,687",77.33%,"4,46,515","3,35,665",75.17%
Arunachal Pradesh,2,ARUNACHAL EAST,"1,60,293","1,29,313",80.67%,"1,52,579","1,31,978",86.50%,"3,12,872","2,61,291",83.51%
Assam,1,Karimganj,"6,15,198","4,82,484",78.43%,"5,50,799","4,04,436",73.43%,"11,65,997","8,86,920",76.07%
Assam,2,Silchar,"5,54,540","4,28,949",77.35%,"5,05,635","3,70,881",73.35%,"10,60,175","7,99,830",75.44%
Assam,3,Autonomous District,"3,58,880","2,79,409",77.86%,"3,43,010","2,63,871",76.93%,"7,01,890","5,43,280",77.40%
Assam,4,Dhubri,"7,98,124","7,09,191",88.86%,"7,54,430","6,60,433",87.54%,"15,52,554","13,69,624",88.22%
Assam,5,Kokrajhar,"7,76,071","6,36,657",82.04%,"7,29,405","5,87,212",80.51%,"15,05,476","12,23,869",81.29%
Assam,6,Barpeta,"7,55,559","6,34,405",83.96%,"6,74,616","5,71,458",84.71%,"14,30,175","12,05,863",84.32%
Assam,7,Gauhati,"9,88,067","7,85,494",79.50%,"9,34,203","7,26,235",77.74%,"19,22,270","15,11,729",78.64%
Assam,8,Mangaldoi,"7,91,539","6,51,272",82.28%,"7,24,137","5,81,965",80.37%,"15,15,676","12,33,237",81.37%
Assam,9,Tezpur,"6,54,866","5,05,643",77.21%,"6,04,702","4,75,045",78.56%,"12,59,568","9,80,688",77.86%
Assam,10,Nowgong,"7,92,424","6,39,392",80.69%,"7,31,457","5,90,682",80.75%,"15,23,881","12,30,074",80.72%
Assam,11,Kaliabor,"7,52,785","6,05,292",80.41%,"7,05,080","5,61,198",79.59%,"14,57,865","11,66,490",80.01%
Assam,12,Jorhat,"6,34,236","4,83,829",76.29%,"6,00,212","4,47,507",74.56%,"12,34,448","9,31,336",75.45%
Assam,13,Dibrugarh,"5,79,657","4,62,412",79.77%,"5,44,648","4,28,556",78.68%,"11,24,305","8,90,968",79.25%
Assam,14,Lakhimpur,"7,35,263","5,72,334",77.84%,"6,95,731","5,39,641",77.56%,"14,30,994","11,11,975",77.71%
Bihar,1,Valmiki Nagar,"7,86,297","4,84,621",61.63%,"6,70,279","4,15,493",61.99%,"14,56,576","9,00,114",61.80%
Bihar,2,Paschim Champaran,"7,69,352","4,69,114",60.98%,"6,43,721","3,85,686",59.92%,"14,13,073","8,54,800",60.49%
Bihar,3,Purvi Champaran,"7,88,561","4,42,103",56.06%,"6,64,402","3,80,568",57.28%,"14,52,963","8,22,671",56.62%
Bihar,4,Sheohar,"7,94,679","4,33,416",54.54%,"6,95,045","4,09,478",58.91%,"14,89,724","8,42,894",56.58%
Bihar,5,Sitamarhi,"8,32,370","4,49,303",53.98%,"7,42,544","4,51,285",60.78%,"15,74,914","9,00,588",57.18%
Bihar,6,Madhubani,"8,77,284","4,13,878",47.18%,"7,50,685","4,46,575",59.49%,"16,27,969","8,60,453",52.85%
Bihar,7,Jhanjharpur,"8,84,884","4,52,082",51.09%,"7,65,869","4,89,167",63.87%,"16,50,753","9,41,249",57.02%
Bihar,8,Supaul,"7,96,979","4,68,183",58.74%,"7,28,613","5,02,345",68.95%,"15,25,592","9,70,528",63.62%
Bihar,9,Araria,"8,42,884","4,92,492",58.43%,"7,44,464","4,83,319",64.92%,"15,87,348","9,75,811",61.47%
Bihar,10,Kishanganj,"7,62,877","4,71,209",61.77%,"6,76,113","4,57,281",67.63%,"14,38,990","9,28,490",64.52%
Bihar,11,Katihar,"7,69,044","4,95,564",64.44%,"6,77,434","4,82,266",71.19%,"14,46,478","9,77,830",67.60%
Bihar,12,Purnia,"8,33,610","5,11,512",61.36%,"7,49,357","5,06,220",67.55%,"15,82,967","10,17,732",64.29%
Bihar,13,Madhepura,"8,99,271","5,08,914",56.59%,"8,26,307","5,25,885",63.64%,"17,25,578","10,34,799",59.97%
Bihar,14,Darbhanga,"7,97,470","4,07,047",51.04%,"6,97,976","4,21,295",60.36%,"14,95,446","8,28,342",55.39%
Bihar,15,Muzaffarpur,"8,30,943","4,90,954",59.08%,"7,20,420","4,57,933",63.56%,"15,51,363","9,48,887",61.16%
Bihar,16,Vaishali,"8,54,781","4,82,598",56.46%,"7,32,421","4,43,339",60.53%,"15,87,202","9,25,937",58.34%
Bihar,17,Gopalganj (SC),"8,61,019","4,46,731",51.88%,"7,91,748","4,56,852",57.70%,"16,52,767","9,03,583",54.67%
Bihar,18,Siwan,"8,41,735","4,43,867",52.73%,"7,22,125","4,40,154",60.95%,"15,63,860","8,84,021",56.53%
Bihar,19,Maharajganj,"8,82,264","4,20,364",47.65%,"7,62,260","4,26,290",55.92%,"16,44,524","8,46,654",51.48%
Bihar,20,Saran,"8,33,361","4,50,964",54.11%,"7,05,383","4,12,290",58.45%,"15,38,744","8,63,254",56.10%
Bihar,21,Hajipur (SC),"8,95,047","4,78,252",53.43%,"7,54,500","4,26,501",56.53%,"16,49,547","9,04,753",54.85%
Bihar,22,Ujiarpur,"7,68,123","4,33,926",56.49%,"6,60,322","4,24,994",64.36%,"14,28,445","8,58,920",60.13%
Bihar,23,Samastipur (SC),"8,05,601","4,30,736",53.47%,"6,97,404","4,32,463",62.01%,"15,03,005","8,63,199",57.43%
Bihar,24,Begusarai,"9,49,825","5,46,041",57.49%,"8,28,934","5,31,814",64.16%,"17,78,759","10,77,855",60.60%
Bihar,25,Khagaria,"7,93,168","4,45,965",56.23%,"6,98,900","4,50,266",64.42%,"14,92,068","8,96,231",60.07%
Bihar,26,Bhagalpur,"8,95,185","5,22,657",58.39%,"7,90,154","4,51,359",57.12%,"16,85,339","9,74,016",57.79%
Bihar,27,Banka,"8,25,010","4,61,098",55.89%,"7,24,446","4,38,255",60.50%,"15,49,456","8,99,353",58.04%
Bihar,28,Munger,"9,21,436","5,06,184",54.93%,"7,75,110","4,08,166",52.66%,"16,96,546","9,14,350",53.89%
Bihar,29,Nalanda,"10,36,575","5,03,097",48.53%,"9,15,392","4,18,664",45.74%,"19,51,967","9,21,761",47.22%
Bihar,30,Patna Sahib,"10,52,278","5,11,447",48.60%,"8,93,971","3,70,815",41.48%,"19,46,249","8,82,262",45.33%
Bihar,31,Pataliputra,"9,34,086","5,53,915",59.30%,"8,01,988","4,24,734",52.96%,"17,36,074","9,78,649",56.37%
Bihar,32,Arrah,"10,10,040","5,16,366",51.12%,"8,22,292","3,76,847",45.83%,"18,32,332","8,93,213",48.75%
Bihar,33,Buxar,"8,78,312","4,93,930",56.24%,"7,62,255","3,94,274",51.72%,"16,40,567","8,88,204",54.14%
Bihar,34,Sasaram (SC),"8,59,397","4,74,117",55.17%,"7,48,350","3,72,671",49.80%,"16,07,747","8,46,788",52.67%
Bihar,35,Karakat,"8,45,707","4,53,576",53.63%,"7,24,282","3,36,351",46.44%,"15,69,989","7,89,927",50.31%
Bihar,36,Jahanabad,"7,51,585","4,43,737",59.04%,"6,71,661","3,67,779",54.76%,"14,23,246","8,11,516",57.02%
Bihar,37,Aurangabad,"8,25,574","4,30,800",52.18%,"7,10,579","3,55,474",50.03%,"15,36,153","7,86,274",51.18%
Bihar,38,Gaya (SC),"7,90,868","4,44,510",56.21%,"7,09,883","3,64,868",51.40%,"15,00,751","8,09,378",53.93%
Bihar,39,Nawada,"8,87,050","4,78,217",53.91%,"7,88,739","4,06,224",51.50%,"16,75,789","8,84,441",52.78%
Bihar,40,Jamui (SC),"8,28,406","4,15,743",50.19%,"7,22,530","3,59,896",49.81%,"15,50,936","7,75,639",50.01%
Chandigarh,1,CHANDIGARH,"3,33,621","2,44,956",73.42%,"2,81,593","2,08,499",74.04%,"6,15,214","4,53,455",73.71%
Chattisgarh,1,SARGUJA,"7,71,303","6,10,877",79.20%,"7,51,769","5,76,444",76.68%,"15,23,072","11,87,321",77.96%
Chattisgarh,2,RAIGARH,"8,07,353","6,30,570",78.10%,"7,98,471","6,15,616",77.10%,"16,05,824","12,46,186",77.60%
Chattisgarh,3,JANJGIR-CHAMPA,"8,90,439","5,58,677",62.74%,"8,47,093","5,14,670",60.76%,"17,37,532","10,73,347",61.77%
Chattisgarh,4,KORBA,"7,25,821","5,46,046",75.23%,"6,93,789","5,06,674",73.03%,"14,19,610","10,52,720",74.16%
Chattisgarh,5,BILASPUR,"8,89,222","5,73,253",64.47%,"8,38,103","5,17,204",61.71%,"17,27,325","10,90,457",63.13%
Chattisgarh,6,RAJNANDGAON,"7,94,427","6,01,874",75.76%,"7,93,668","5,76,422",72.63%,"15,88,095","11,78,296",74.20%
Chattisgarh,7,DURG,"9,45,656","6,60,504",69.85%,"9,10,125","5,97,838",65.69%,"18,55,781","12,58,342",67.81%
Chattisgarh,8,RAIPUR,"9,79,133","6,59,070",67.31%,"9,25,097","5,91,775",63.97%,"19,04,230","12,50,845",65.69%
Chattisgarh,9,MAHASAMUND,"7,57,276","5,76,917",76.18%,"7,58,471","5,54,292",73.08%,"15,15,747","11,31,209",74.63%
Chattisgarh,10,BASTAR,"6,32,814","3,87,112",61.17%,"6,65,245","3,82,801",57.54%,"12,98,059","7,69,913",59.31%
Chattisgarh,11,KANKER,"7,22,339","5,15,793",71.41%,"7,25,435","5,01,150",69.08%,"14,47,774","10,16,943",70.24%
Dadra & Nagar Haveli,1,Dadar & Nagar Haveli,"1,06,215","87,800",82.66%,"90,402","77,486",85.71%,"1,96,617","1,65,286",84.06%
Daman & Diu,1,Daman & diu,"57,011","42,378",74.33%,"54,816","44,855",81.83%,"1,11,827","87,233",78.01%
Goa,1,North Goa,"2,55,870","2,00,184",78.24%,"2,59,571","2,06,447",79.53%,"5,15,441","4,06,631",78.89%
Goa,2,South Goa,"2,72,438","1,95,582",71.79%,"2,72,898","2,14,787",78.71%,"5,45,336","4,10,369",75.25%
Gujarat,1,Kachchh,"8,06,343","5,20,905",64.60%,"7,27,439","4,25,335",58.47%,"15,33,782","9,46,240",61.69%
Gujarat,2,Banaskantha,"7,96,124","5,13,893",64.55%,"7,19,587","3,72,741",51.80%,"15,15,711","8,86,634",58.50%
Gujarat,3,Patan,"8,46,195","5,29,513",62.58%,"7,82,446","4,26,286",54.48%,"16,28,641","9,55,799",58.69%
Gujarat,4,Mahesana,"7,77,821","5,44,710",70.03%,"7,20,398","4,59,548",63.79%,"14,98,219","10,04,258",67.03%
Gujarat,5,Sabarkantha,"8,33,521","5,87,807",70.52%,"7,82,319","5,06,195",64.70%,"16,15,840","10,94,002",67.70%
Gujarat,6,Gandhinagar,"9,00,744","6,20,889",68.93%,"8,33,228","5,14,606",61.76%,"17,33,972","11,35,495",65.49%
Gujarat,7,Ahmedabad East,"8,52,765","5,60,074",65.68%,"7,49,067","4,25,451",56.80%,"16,01,832","9,85,525",61.52%
Gujarat,8,Ahmedabad West,"8,00,933","5,34,008",66.67%,"7,33,467","4,30,601",58.71%,"15,34,400","9,64,609",62.87%
Gujarat,9,Surendranagar,"8,77,745","5,42,339",61.79%,"7,78,912","4,02,338",51.65%,"16,56,657","9,44,677",57.02%
Gujarat,10,Rajkot,"8,64,760","5,93,333",68.61%,"7,90,957","4,63,736",58.63%,"16,55,717","10,57,069",63.84%
Gujarat,11,Porbandar,"8,07,383","4,71,495",58.40%,"7,31,840","3,37,938",46.18%,"15,39,223","8,09,433",52.59%
Gujarat,12,Jamnagar,"7,71,004","4,86,177",63.06%,"6,99,948","3,66,466",52.36%,"14,70,952","8,52,643",57.97%
Gujarat,13,Junagadh,"7,72,017","5,16,158",66.86%,"7,13,526","4,25,220",59.59%,"14,85,543","9,41,378",63.37%
Gujarat,14,Amreli,"7,77,662","4,57,547",58.84%,"7,08,624","3,51,269",49.57%,"14,86,286","8,08,816",54.42%
Gujarat,15,Bhavnagar,"8,34,571","5,19,525",62.25%,"7,59,960","3,97,877",52.35%,"15,94,531","9,17,402",57.53%
Gujarat,16,Anand,"7,81,120","5,41,176",69.28%,"7,15,739","4,29,718",60.04%,"14,96,859","9,70,894",64.86%
Gujarat,17,Kheda,"8,33,232","5,42,955",65.16%,"7,66,244","4,12,951",53.89%,"15,99,476","9,55,906",59.76%
Gujarat,18,Panchmahal,"8,20,230","5,16,017",62.91%,"7,56,437","4,17,444",55.19%,"15,76,667","9,33,461",59.20%
Gujarat,19,Dahod,"7,12,184","4,69,459",65.92%,"6,99,581","4,30,922",61.60%,"14,11,765","9,00,381",63.78%
Gujarat,20,Vadodara,"8,49,077","6,25,045",73.61%,"7,89,244","5,36,532",67.98%,"16,38,321","11,61,577",70.90%
Gujarat,21,Chhota Udaipur,"7,98,160","5,93,192",74.32%,"7,38,145","5,07,350",68.73%,"15,36,305","11,00,542",71.64%
Gujarat,22,Bharuch,"7,34,861","5,64,668",76.84%,"6,82,687","4,95,543",72.59%,"14,17,548","10,60,211",74.79%
Gujarat,23,Bardoli,"8,29,648","6,37,345",76.82%,"7,84,458","5,68,834",72.51%,"16,14,106","12,06,179",74.73%
Gujarat,24,Surat,"8,03,829","5,39,368",67.10%,"6,80,239","4,08,554",60.06%,"14,84,068","9,47,922",63.87%
Gujarat,25,Navsari,"9,72,090","6,49,206",66.78%,"7,92,532","5,11,541",64.55%,"17,64,622","11,60,747",65.78%
Gujarat,26,Valsad,"7,75,073","5,82,311",75.13%,"7,36,988","5,39,892",73.26%,"15,12,061","11,22,203",74.22%
Haryana,1,Ambala,"9,09,708","6,67,400",73.36%,"7,82,519","5,51,595",70.49%,"16,92,227","12,18,995",72.03%
Haryana,2,Kurukshetra,"8,07,700","6,18,607",76.59%,"6,90,759","5,17,285",74.89%,"14,98,459","11,35,892",75.80%
Haryana,3,Sirsa,"8,86,303","6,92,891",78.18%,"7,74,254","5,86,214",75.71%,"16,60,557","12,79,105",77.03%
Haryana,4,Hisar,"8,25,688","6,37,718",77.23%,"6,91,918","5,18,196",74.89%,"15,17,606","11,55,914",76.17%
Haryana,5,Karnal,"9,13,321","6,66,808",73.01%,"7,71,000","5,26,692",68.31%,"16,84,321","11,93,500",70.86%
Haryana,6,Sonipat,"7,77,824","5,51,168",70.86%,"6,39,364","4,34,469",67.95%,"14,17,188","9,85,637",69.55%
Haryana,7,Rohtak,"8,50,125","5,78,351",68.03%,"7,17,379","4,65,980",64.96%,"15,67,504","10,44,331",66.62%
Haryana,8,Bhiwani-Mahendragarh,"7,92,166","5,59,833",70.67%,"6,81,746","4,70,598",69.03%,"14,73,912","10,30,431",69.91%
Haryana,9,Gurgaon,"9,84,370","7,27,397",73.89%,"8,61,253","5,93,222",68.88%,"18,45,623","13,20,619",71.55%
Haryana,10,Faridabad,"9,69,407","6,51,411",67.20%,"7,70,945","4,79,315",62.17%,"17,40,352","11,30,726",64.97%
Himachal Pradesh,1,Kangra,"6,45,888","3,92,927",60.84%,"6,12,713","4,06,518",66.35%,"12,58,601","7,99,445",63.52%
Himachal Pradesh,2,Mandi,"5,87,833","3,77,569",64.23%,"5,62,575","3,48,525",61.95%,"11,50,408","7,26,094",63.12%
Himachal Pradesh,3,Hamirpur,"6,33,572","3,95,804",62.47%,"6,14,127","4,39,401",71.55%,"12,47,699","8,35,205",66.94%
Himachal Pradesh,4,Shimla,"6,07,137","4,03,332",66.43%,"5,46,226","3,34,425",61.22%,"11,53,363","7,37,757",63.97%
Jammu & Kashmir,1,Baramulla,"6,24,008","2,56,249",41.07%,"5,66,737","2,09,743",37.01%,"11,90,745","4,65,992",39.13%
Jammu & Kashmir,2,Srinagar,"6,30,716","1,78,554",28.31%,"5,74,517","1,33,658",23.26%,"12,05,233","3,12,212",25.90%
Jammu & Kashmir,3,Anantnag,"6,84,820","2,11,582",30.90%,"6,16,203","1,63,697",26.57%,"13,01,023","3,75,279",28.84%
Jammu & Kashmir,4,Ladakh,"86,259","58,035",67.28%,"80,504","59,994",74.52%,"1,66,763","1,18,029",70.78%
Jammu & Kashmir,5,Udhampur,"7,98,910","5,57,757",69.81%,"6,91,334","4,84,001",70.01%,"14,90,244","10,41,758",69.91%
Jammu & Kashmir,6,Jammu,"9,77,308","6,65,407",68.09%,"8,70,847","5,88,186",67.54%,"18,48,155","12,53,593",67.83%
Jharkhand,1,Rajmahal,"6,91,254","4,91,007",71.03%,"6,61,918","4,60,556",69.58%,"13,53,172","9,51,563",70.32%
Jharkhand,2,Dumka,"6,46,885","4,66,521",72.12%,"6,00,270","4,36,539",72.72%,"12,47,155","9,03,060",72.41%
Jharkhand,3,Godda,"8,25,706","5,50,327",66.65%,"7,64,922","4,99,115",65.25%,"15,90,628","10,49,442",65.98%
Jharkhand,4,Chatra,"6,96,514","3,83,079",55.00%,"6,16,031","3,29,892",53.55%,"13,12,545","7,12,971",54.32%
Jharkhand,5,Kodarma,"8,70,016","5,35,513",61.55%,"7,69,613","4,89,393",63.59%,"16,39,629","10,24,906",62.51%
Jharkhand,6,Giridih,"8,11,986","5,31,267",65.43%,"7,03,151","4,38,730",62.39%,"15,15,137","9,69,997",64.02%
Jharkhand,7,Dhanbad,"10,32,005","6,42,644",62.27%,"8,57,989","5,01,258",58.42%,"18,89,994","11,43,902",60.52%
Jharkhand,8,Ranchi,"8,68,783","5,62,894",64.79%,"7,79,681","4,86,889",62.45%,"16,48,464","10,49,783",63.68%
Jharkhand,9,Jamshedpur,"8,11,632","5,48,176",67.54%,"7,70,033","5,00,964",65.06%,"15,81,665","10,49,140",66.33%
Jharkhand,10,Singhbhum,"5,83,444","4,03,528",69.16%,"5,69,126","3,91,758",68.84%,"11,52,570","7,95,286",69.00%
Jharkhand,11,Khunti,"5,65,544","3,73,120",65.98%,"5,46,308","3,63,835",66.60%,"11,11,852","7,36,955",66.28%
Jharkhand,12,Lohardaga,"5,78,883","3,33,938",57.69%,"5,40,261","3,17,522",58.77%,"11,19,144","6,51,460",58.21%
Jharkhand,13,Palamau,"8,90,010","5,23,454",58.81%,"7,55,947","4,53,869",60.04%,"16,45,957","9,77,323",59.38%
Jharkhand,14,Hazaribagh,"8,12,487","5,15,008",63.39%,"7,06,344","4,52,144",64.01%,"15,18,831","9,67,152",63.68%
Karnataka,1,Chikkodi,"7,46,113","5,64,257",75.63%,"6,96,183","5,06,846",72.80%,"14,42,296","10,71,103",74.26%
Karnataka,2,Belgaum,"8,07,598","5,70,120",70.59%,"7,73,419","5,08,427",65.74%,"15,81,017","10,78,547",68.22%
Karnataka,3,Bagalkot,"7,93,338","5,61,781",70.81%,"7,75,282","5,17,529",66.75%,"15,68,620","10,79,310",68.81%
Karnataka,4,Bijapur,"8,47,815","5,21,565",61.52%,"7,74,820","4,45,192",57.46%,"16,22,635","9,66,757",59.58%
Karnataka,5,Gulbarga,"8,78,311","5,23,062",59.55%,"8,43,679","4,74,576",56.25%,"17,21,990","9,97,638",57.94%
Karnataka,6,Raichur,"8,35,969","5,08,764",60.86%,"8,25,637","4,60,125",55.73%,"16,61,606","9,68,889",58.31%
Karnataka,7,Bidar,"8,39,154","5,06,363",60.34%,"7,61,808","4,53,021",59.47%,"16,00,962","9,59,384",59.93%
Karnataka,8,Koppal,"7,70,316","5,26,001",68.28%,"7,64,789","4,80,507",62.83%,"15,35,105","10,06,508",65.57%
Karnataka,9,Bellary,"7,50,789","5,42,128",72.21%,"7,37,156","5,03,644",68.32%,"14,87,945","10,45,772",70.28%
Karnataka,10,Haveri,"8,07,076","5,95,257",73.75%,"7,51,673","5,20,711",69.27%,"15,58,749","11,15,968",71.59%
Karnataka,11,Dharwad,"8,09,486","5,62,991",69.55%,"7,69,538","4,78,235",62.15%,"15,79,024","10,41,226",65.94%
Karnataka,12,Uttara Kannada,"7,42,865","5,21,541",70.21%,"7,07,734","4,79,497",67.75%,"14,50,599","10,01,038",69.01%
Karnataka,13,Davanagere,"7,72,126","5,81,292",75.28%,"7,50,586","5,33,576",71.09%,"15,22,712","11,14,868",73.22%
Karnataka,14,Shimoga,"7,78,767","5,72,407",73.50%,"7,83,474","5,56,601",71.04%,"15,62,241","11,29,008",72.27%
Karnataka,15,Udupi Chikmagalur,"6,79,286","5,11,470",75.30%,"7,08,009","5,22,638",73.82%,"13,87,295","10,34,108",74.54%
Karnataka,16,Hassan,"7,89,668","5,86,090",74.22%,"7,71,668","5,61,082",72.71%,"15,61,336","11,47,172",73.47%
Karnataka,17,Dakshina Kannada,"7,74,500","5,95,647",76.91%,"7,90,781","6,11,827",77.37%,"15,65,281","12,07,474",77.14%
Karnataka,18,Chitradurga,"8,44,864","5,73,250",67.85%,"8,16,408","5,23,249",64.09%,"16,61,272","10,96,499",66.00%
Karnataka,19,Tumkur,"7,64,561","5,65,612",73.98%,"7,53,957","5,35,872",71.07%,"15,18,518","11,01,484",72.54%
Karnataka,20,Mandya,"8,39,052","6,04,906",72.09%,"8,30,210","5,87,732",70.79%,"16,69,262","11,92,638",71.45%
Karnataka,21,Mysore,"8,67,893","5,98,003",68.90%,"8,55,241","5,61,591",65.66%,"17,23,134","11,59,594",67.30%
Karnataka,22,Chamarajanagar,"7,89,383","5,85,209",74.13%,"7,66,396","5,47,820",71.48%,"15,55,779","11,33,029",72.83%
Karnataka,23,Bangalore Rural,"11,35,845","7,58,619",66.79%,"10,54,552","6,96,625",66.06%,"21,90,397","14,55,244",66.44%
Karnataka,24,Bangalore North,"12,60,356","7,21,638",57.26%,"11,41,116","6,35,080",55.65%,"24,01,472","13,56,718",56.50%
Karnataka,25,Bangalore central,"10,10,586","5,74,475",56.85%,"9,21,077","5,00,114",54.30%,"19,31,663","10,74,589",55.63%
Karnataka,26,Bangalore South,"10,51,316","5,97,291",56.81%,"9,48,566","5,16,435",54.44%,"19,99,882","11,13,726",55.69%
Karnataka,27,Chikkballapur,"8,43,740","6,53,492",77.45%,"8,14,602","6,09,782",74.86%,"16,58,342","12,63,274",76.18%
Karnataka,28,Kolar,"7,55,450","5,82,601",77.12%,"7,37,525","5,44,722",73.86%,"14,92,975","11,27,323",75.51%
Kerala,1,Kasaragod,"5,95,047","4,59,537",77.23%,"6,48,683","5,14,678",79.34%,"12,43,730","9,74,215",78.33%
Kerala,2,Kannur,"5,48,454","4,39,557",80.14%,"6,21,812","5,07,560",81.63%,"11,70,266","9,47,117",80.93%
Kerala,3,Vadakara,"5,61,168","4,37,556",77.97%,"6,21,336","5,21,786",83.98%,"11,82,504","9,59,342",81.13%
Kerala,4,Wayanad,"6,14,822","4,54,300",73.89%,"6,34,598","4,60,706",72.60%,"12,49,420","9,15,006",73.23%
Kerala,5,Kozhikode,"5,71,709","4,57,548",80.03%,"6,10,775","4,85,461",79.48%,"11,82,484","9,43,009",79.75%
Kerala,6,Malappuram,"5,98,207","4,15,980",69.54%,"6,00,237","4,37,487",72.89%,"11,98,444","8,53,467",71.21%
Kerala,7,Ponnani,"5,74,106","4,05,116",70.56%,"6,06,683","4,66,476",76.89%,"11,80,789","8,71,592",73.81%
Kerala,8,Palakkad,"5,87,379","4,44,510",75.68%,"6,21,379","4,65,812",74.96%,"12,08,758","9,10,322",75.31%
Kerala,9,Alathur,"5,91,950","4,52,858",76.50%,"6,24,401","4,74,370",75.97%,"12,16,351","9,27,228",76.23%
Kerala,10,Thrissur,"6,06,518","4,34,202",71.59%,"6,68,770","4,86,303",72.72%,"12,75,288","9,20,505",72.18%
Kerala,11,Chalakudy,"5,65,081","4,36,712",77.28%,"5,85,410","4,47,321",76.41%,"11,50,491","8,84,033",76.84%
Kerala,12,Ernakulam,"5,65,809","4,28,565",75.74%,"5,90,658","4,22,269",71.49%,"11,56,467","8,50,834",73.57%
Kerala,13,Idukki,"5,78,849","4,25,049",73.43%,"5,79,886","3,94,717",68.07%,"11,58,735","8,19,766",70.75%
Kerala,14,Kottayam,"5,73,571","4,26,879",74.42%,"5,87,892","4,04,757",68.85%,"11,61,463","8,31,636",71.60%
Kerala,15,Alappuzha,"6,11,877","4,77,885",78.10%,"6,59,447","5,19,579",78.79%,"12,71,324","9,97,464",78.46%
Kerala,16,Mavelikkara,"5,92,702","4,16,969",70.35%,"6,59,966","4,72,091",71.53%,"12,52,668","8,89,060",70.97%
Kerala,17,Pathanamthitta,"6,31,495","4,25,771",67.42%,"6,92,411","4,43,681",64.08%,"13,23,906","8,69,452",65.67%
Kerala,18,Kollam,"5,75,296","4,08,322",70.98%,"6,44,119","4,70,734",73.08%,"12,19,415","8,79,056",72.09%
Kerala,19,Attingal,"5,75,780","3,96,246",68.82%,"6,75,618","4,63,104",68.55%,"12,51,398","8,59,350",68.67%
Kerala,20,Thiruvananthapuram,"6,14,438","4,34,623",70.74%,"6,58,310","4,38,816",66.66%,"12,72,748","8,73,439",68.63%
Lakshadweep,1,Lakshadweep,"25,433","21,585",84.87%,"24,489","21,654",88.42%,"49,922","43,239",86.61%
Madhya Pradesh,1,MORENA,"9,38,466","5,38,708",57.40%,"7,64,026","3,15,571",41.30%,"17,02,492","8,54,279",50.18%
Madhya Pradesh,2,BHIND,"8,90,851","4,69,603",52.71%,"7,07,318","2,59,481",36.69%,"15,98,169","7,29,084",45.62%
Madhya Pradesh,3,GWALIOR,"10,24,155","5,95,934",58.19%,"8,52,848","3,94,978",46.31%,"18,77,003","9,90,912",52.79%
Madhya Pradesh,4,GUNA,"8,57,328","5,81,485",67.83%,"7,48,291","3,95,144",52.81%,"16,05,619","9,76,629",60.83%
Madhya Pradesh,5,SAGAR,"8,15,357","5,36,674",65.82%,"7,04,827","3,55,255",50.40%,"15,20,184","8,91,929",58.67%
Madhya Pradesh,6,TIKAMGARH,"8,20,908","4,66,689",56.85%,"7,08,095","2,99,632",42.32%,"15,29,003","7,66,321",50.12%
Madhya Pradesh,7,DAMOH,"8,82,506","5,57,919",63.22%,"7,68,600","3,54,161",46.08%,"16,51,106","9,12,080",55.24%
Madhya Pradesh,8,KHAJURAHO,"9,07,312","5,17,341",57.02%,"7,95,482","3,57,136",44.90%,"17,02,794","8,74,477",51.36%
Madhya Pradesh,9,SATNA,"7,72,026","4,99,928",64.76%,"6,86,058","4,13,516",60.27%,"14,58,084","9,13,444",62.65%
Madhya Pradesh,10,REWA,"8,21,800","4,57,663",55.69%,"7,22,919","3,72,339",51.50%,"15,44,719","8,30,002",53.73%
Madhya Pradesh,11,SIDHI,"9,15,700","5,48,026",59.85%,"8,20,350","4,41,370",53.80%,"17,36,050","9,89,396",56.99%
Madhya Pradesh,12,SHAHDOL,"8,06,945","5,27,939",65.42%,"7,54,376","4,40,579",58.40%,"15,61,321","9,68,518",62.03%
Madhya Pradesh,13,JABALPUR,"8,97,949","5,58,617",62.21%,"8,13,734","4,43,567",54.51%,"17,11,683","10,02,184",58.55%
Madhya Pradesh,14,MANDLA,"9,25,971","6,41,915",69.32%,"8,98,453","5,76,603",64.18%,"18,24,424","12,18,518",66.79%
Madhya Pradesh,15,BALAGHAT,"8,22,667","5,71,601",69.48%,"8,07,102","5,41,763",67.12%,"16,29,769","11,13,364",68.31%
Madhya Pradesh,16,CHHINDWARA,"7,21,482","5,84,759",81.05%,"6,79,795","5,22,739",76.90%,"14,01,277","11,07,498",79.03%
Madhya Pradesh,17,HOSHANGABAD,"8,35,492","5,93,957",71.09%,"7,32,635","4,37,218",59.68%,"15,68,127","10,31,175",65.76%
Madhya Pradesh,18,VIDISHA,"8,72,410","6,21,326",71.22%,"7,61,960","4,52,147",59.34%,"16,34,370","10,73,473",65.68%
Madhya Pradesh,19,BHOPAL,"10,39,004","6,39,683",61.57%,"9,17,932","4,90,499",53.44%,"19,56,936","11,30,182",57.75%
Madhya Pradesh,20,RAJGARH,"8,27,001","5,98,652",72.39%,"7,51,747","4,12,072",54.82%,"15,78,748","10,10,724",64.02%
Madhya Pradesh,21,DEWAS,"8,43,555","6,54,121",77.54%,"7,73,660","4,89,847",63.32%,"16,17,215","11,43,968",70.74%
Madhya Pradesh,22,UJJAIN,"7,90,889","5,71,525",72.26%,"7,34,592","4,44,880",60.56%,"15,25,481","10,16,405",66.63%
Madhya Pradesh,23,MANDSOUR,"8,38,076","6,40,484",76.42%,"7,88,495","5,20,865",66.06%,"16,26,571","11,61,349",71.40%
Madhya Pradesh,24,RATLAM,"8,60,947","5,70,248",66.23%,"8,41,701","5,12,433",60.88%,"17,02,648","10,82,681",63.59%
Madhya Pradesh,25,DHAR,"8,58,093","5,86,865",68.39%,"8,10,348","4,89,951",60.46%,"16,68,441","10,76,816",64.54%
Madhya Pradesh,26,INDORE,"11,06,461","7,36,759",66.59%,"10,08,842","5,80,058",57.50%,"21,15,303","13,16,817",62.25%
Madhya Pradesh,27,KHARGONE,"8,66,897","6,14,411",70.87%,"8,36,374","5,38,114",64.34%,"17,03,271","11,52,525",67.67%
Madhya Pradesh,28,KHANDWA,"9,12,747","6,77,574",74.23%,"8,46,663","5,79,753",68.48%,"17,59,410","12,57,327",71.46%
Madhya Pradesh,29,BETUL,"8,36,835","5,74,150",68.61%,"7,70,987","4,73,569",61.42%,"16,07,822","10,47,719",65.16%
Maharashtra,1,Nandurbar,"8,52,379","5,84,580",68.58%,"8,20,336","5,32,096",64.86%,"16,72,715","11,16,676",66.76%
Maharashtra,2,Dhule,"8,78,610","5,43,252",61.83%,"7,95,859","4,39,831",55.26%,"16,74,469","9,83,083",58.71%
Maharashtra,3,Jalgaon,"9,09,027","5,94,892",65.44%,"7,98,906","3,95,440",49.50%,"17,07,933","9,90,332",57.98%
Maharashtra,4,Raver,"8,42,682","5,54,159",65.76%,"7,50,688","4,55,054",60.62%,"15,93,370","10,09,213",63.34%
Maharashtra,5,Buldhana,"8,45,547","5,35,993",63.39%,"7,50,687","4,42,633",58.96%,"15,96,234","9,78,626",61.31%
Maharashtra,6,Akola,"8,69,922","5,44,432",62.58%,"7,76,541","4,34,059",55.90%,"16,46,463","9,78,491",59.43%
Maharashtra,7,Amravati,"8,48,050","5,56,250",65.59%,"7,63,315","4,47,811",58.67%,"16,11,365","10,04,061",62.31%
Maharashtra,8,Wardha,"8,17,514","5,54,658",67.85%,"7,47,039","4,58,787",61.41%,"15,64,553","10,13,445",64.78%
Maharashtra,9,Ramtek,"8,87,157","5,76,939",65.03%,"7,90,088","4,73,377",59.91%,"16,77,245","10,50,316",62.62%
Maharashtra,10,Nagpur,"9,79,995","5,79,529",59.14%,"9,20,792","5,05,529",54.90%,"19,00,787","10,85,058",57.08%
Maharashtra,11,Bhandara - gondiya,"8,41,442","6,15,957",73.20%,"8,14,842","5,81,239",71.33%,"16,56,284","11,97,196",72.28%
Maharashtra,12,Gadchiroli-Chimur,"7,53,927","5,37,086",71.24%,"7,15,840","4,90,043",68.46%,"14,69,767","10,27,129",69.88%
Maharashtra,13,Chandrapur,"9,21,099","6,02,923",65.46%,"8,32,591","5,06,820",60.87%,"17,53,690","11,09,743",63.28%
Maharashtra,14,Yavatmal-Washim,"9,16,049","5,85,785",63.95%,"8,27,449","4,47,164",54.04%,"17,43,498","10,32,949",59.25%
Maharashtra,15,Hingoli,"8,39,540","5,76,774",68.70%,"7,46,654","4,74,390",63.54%,"15,86,194","10,51,164",66.27%
Maharashtra,16,Nanded,"8,78,553","5,49,945",62.60%,"8,08,504","4,63,405",57.32%,"16,87,057","10,13,350",60.07%
Maharashtra,17,Parbhani,"9,45,899","6,37,950",67.44%,"8,57,893","5,24,283",61.11%,"18,03,792","11,62,233",64.43%
Maharashtra,18,Jalna,"8,66,726","5,96,359",68.81%,"7,45,328","4,69,900",63.05%,"16,12,054","10,66,259",66.14%
Maharashtra,19,Aurangabad,"8,46,023","5,54,669",65.56%,"7,43,370","4,28,264",57.61%,"15,89,393","9,82,933",61.84%
Maharashtra,20,Dindori,"8,08,018","5,46,989",67.70%,"7,22,121","4,23,193",58.60%,"15,30,139","9,70,182",63.40%
Maharashtra,21,Nashik,"8,50,457","5,24,572",61.68%,"7,42,780","4,12,833",55.58%,"15,93,237","9,37,405",58.84%
Maharashtra,22,Palghar,"8,30,432","5,32,639",64.14%,"7,47,645","4,59,979",61.52%,"15,78,077","9,92,618",62.90%
Maharashtra,23,Bhiwandi,"9,45,405","5,03,035",53.21%,"7,51,184","3,72,570",49.60%,"16,96,589","8,75,605",51.61%
Maharashtra,24,Kalyan,"10,45,495","4,70,781",45.03%,"8,76,551","3,53,415",40.32%,"19,22,046","8,24,196",42.88%
Maharashtra,25,Thane,"11,42,158","5,91,189",51.76%,"9,31,284","4,63,000",49.72%,"20,73,442","10,54,189",50.84%
Maharashtra,26,Mumbai North,"9,72,645","5,27,803",54.26%,"8,11,225","4,18,759",51.62%,"17,83,870","9,46,562",53.06%
Maharashtra,27,Mumbai North West,"9,86,908","5,03,191",50.99%,"7,88,520","3,92,326",49.75%,"17,75,428","8,95,517",50.44%
Maharashtra,28,Mumbai North East,"9,23,016","4,85,775",52.63%,"7,45,341","3,75,986",50.44%,"16,68,357","8,61,761",51.65%
Maharashtra,29,Mumbai North central,"9,67,474","4,72,265",48.81%,"7,71,420","3,73,027",48.36%,"17,38,894","8,45,292",48.61%
Maharashtra,30,Mumbai South central,"7,93,801","4,24,521",53.48%,"6,54,084","3,44,539",52.68%,"14,47,885","7,69,060",53.12%
Maharashtra,31,Mumbai South,"8,28,964","4,37,435",52.77%,"6,56,882","3,43,280",52.26%,"14,85,846","7,80,715",52.54%
Maharashtra,32,Raigad,"7,52,491","4,85,586",64.53%,"7,80,290","5,02,180",64.36%,"15,32,781","9,87,766",64.44%
Maharashtra,33,Maval,"10,35,960","6,47,176",62.47%,"9,17,781","5,27,159",57.44%,"19,53,741","11,74,335",60.11%
Maharashtra,34,Pune,"9,49,567","5,33,686",56.20%,"8,86,269","4,59,588",51.86%,"18,35,836","9,93,274",54.10%
Maharashtra,35,Baramati,"9,60,387","6,02,604",62.75%,"8,53,156","4,63,952",54.38%,"18,13,543","10,66,556",58.81%
Maharashtra,36,Shirur,"9,73,236","6,13,828",63.07%,"8,50,876","4,75,678",55.90%,"18,24,112","10,89,506",59.73%
Maharashtra,37,Ahmadnagar,"8,98,819","5,95,960",66.30%,"8,00,589","4,66,358",58.25%,"16,99,408","10,62,318",62.51%
Maharashtra,38,Shirdi,"7,65,921","5,20,229",67.92%,"6,93,791","4,12,416",59.44%,"14,59,712","9,32,645",63.89%
Maharashtra,39,Beed,"9,63,462","6,81,038",70.69%,"8,29,188","5,51,164",66.47%,"17,92,650","12,32,202",68.74%
Maharashtra,40,Osmanabad,"9,32,838","6,12,411",65.65%,"7,93,955","5,05,740",63.70%,"17,26,793","11,18,151",64.75%
Maharashtra,41,Latur,"8,97,919","5,78,053",64.38%,"7,84,688","4,79,103",61.06%,"16,82,607","10,57,156",62.83%
Maharashtra,42,Solapur,"8,93,736","5,27,346",59.00%,"8,09,019","4,23,855",52.39%,"17,02,755","9,51,201",55.86%
Maharashtra,43,Madha,"9,12,736","5,95,626",65.26%,"8,14,572","4,83,993",59.42%,"17,27,308","10,79,619",62.50%
Maharashtra,44,Sangli,"8,61,582","5,58,707",64.85%,"7,87,525","4,87,952",61.96%,"16,49,107","10,46,659",63.47%
Maharashtra,45,Satara,"8,84,020","5,19,692",58.79%,"8,35,978","4,56,989",54.67%,"17,19,998","9,76,681",56.78%
Maharashtra,46,Ratnagiri - sindhudurg,"6,65,668","4,44,364",66.75%,"7,01,693","4,51,892",64.40%,"13,67,361","8,96,256",65.55%
Maharashtra,47,Kolhapur,"9,09,326","6,64,298",73.05%,"8,48,974","5,95,991",70.20%,"17,58,300","12,60,289",71.68%
Maharashtra,48,Hatkanangle,"8,50,574","6,31,647",74.26%,"7,80,024","5,57,224",71.44%,"16,30,598","11,88,871",72.91%
Manipur,1,Inner manipur,"4,17,122","3,06,721",73.53%,"4,38,237","3,34,150",76.25%,"8,55,359","6,40,871",74.92%
Manipur,2,Outer manipur,"4,54,309","3,78,706",83.36%,"4,64,657","3,93,060",84.59%,"9,18,966","7,71,766",83.98%
Meghalaya,1,Shillong,"4,80,409","2,92,944",60.98%,"5,00,331","3,27,043",65.37%,"9,80,740","6,19,987",63.22%
Meghalaya,2,Tura,"2,97,230","2,31,830",78.00%,"2,89,271","2,26,241",78.21%,"5,86,501","4,58,071",78.10%
Mizoram,1,MIZORAM,"3,46,219","2,16,167",62.44%,"3,55,951","2,17,034",60.97%,"7,02,170","4,33,201",61.69%
Nagaland,1,Nagaland,"6,00,490","5,29,325",88.15%,"5,82,458","5,09,585",87.49%,"11,82,948","10,38,910",87.82%
NCT OF Delhi,1,CHANDNI CHOWK,"7,91,317","5,50,825",69.61%,"6,55,911","4,31,038",65.72%,"14,47,228","9,81,863",67.84%
NCT OF Delhi,2,NORTH EAST DELHI,"10,79,406","7,41,003",68.65%,"8,78,301","5,76,335",65.62%,"19,57,707","13,17,338",67.29%
NCT OF Delhi,3,EAST DELHI,"10,23,325","6,76,648",66.12%,"8,06,253","5,19,688",64.46%,"18,29,578","11,96,336",65.39%
NCT OF Delhi,4,NEW DELHI,"8,30,322","5,46,295",65.79%,"6,59,825","4,23,517",64.19%,"14,90,147","9,69,812",65.08%
NCT OF Delhi,5,NORTH WEST DELHI,"12,12,553","7,56,939",62.43%,"9,81,872","5,99,097",61.02%,"21,94,425","13,56,036",61.79%
NCT OF Delhi,6,WEST DELHI,"11,08,886","7,43,406",67.04%,"9,30,524","6,04,565",64.97%,"20,39,410","13,47,971",66.10%
NCT OF Delhi,7,SOUTH DELHI,"10,05,289","6,38,406",63.50%,"7,47,452","4,64,004",62.08%,"17,52,741","11,02,410",62.90%
Orissa,1,Bargarh,"7,51,140","5,95,911",79.33%,"6,79,577","5,27,390",77.61%,"14,30,717","11,23,301",78.51%
Orissa,2,Sundargarh,"7,18,689","5,15,665",71.75%,"6,91,843","4,95,046",71.55%,"14,10,532","10,10,711",71.65%
Orissa,3,Sambalpur,"6,69,036","5,05,640",75.58%,"6,28,062","4,78,669",76.21%,"12,97,098","9,84,309",75.89%
Orissa,4,Keonjhar,"6,91,369","5,50,822",79.67%,"6,55,314","5,33,047",81.34%,"13,46,683","10,83,869",80.48%
Orissa,5,Mayurbhanj,"6,70,100","5,23,329",78.10%,"6,57,455","5,30,070",80.62%,"13,27,555","10,53,399",79.35%
Orissa,6,Balasore,"7,09,342","5,31,966",74.99%,"6,56,876","5,17,484",78.78%,"13,66,218","10,49,450",76.81%
Orissa,7,Bhadrak,"7,74,566","5,37,966",69.45%,"6,94,932","5,43,373",78.19%,"14,69,498","10,81,339",73.59%
Orissa,8,Jajpur,"6,96,385","5,11,297",73.42%,"6,07,348","4,69,138",77.24%,"13,03,733","9,80,435",75.20%
Orissa,9,Dhenkanal,"7,22,328","5,51,897",76.41%,"6,41,139","4,90,204",76.46%,"13,63,467","10,42,101",76.43%
Orissa,10,Bolangir,"8,14,968","6,05,802",74.33%,"7,48,057","5,64,603",75.48%,"15,63,025","11,70,405",74.88%
Orissa,11,Kalahandi,"7,50,694","5,68,938",75.79%,"7,23,441","5,48,598",75.83%,"14,74,135","11,17,536",75.81%
Orissa,12,Nabarangpur,"6,45,875","5,12,721",79.38%,"6,51,335","5,09,451",78.22%,"12,97,210","10,22,172",78.80%
Orissa,13,Kandhamal,"5,82,340","4,17,777",71.74%,"5,61,262","4,21,638",75.12%,"11,43,602","8,39,415",73.40%
Orissa,14,Cuttack,"7,31,918","5,22,770",71.42%,"6,39,699","4,55,834",71.26%,"13,71,617","9,78,604",71.35%
Orissa,15,Kendrapara,"8,28,491","5,80,768",70.10%,"7,26,953","5,60,231",77.07%,"15,55,444","11,40,999",73.36%
Orissa,16,Jagatsinghpur,"7,97,923","5,88,605",73.77%,"7,01,750","5,43,327",77.42%,"14,99,673","11,31,932",75.48%
Orissa,17,Puri,"7,42,939","5,40,898",72.81%,"6,61,642","4,98,491",75.34%,"14,04,581","10,39,389",74.00%
Orissa,18,Bhubaneswar,"8,35,850","4,83,992",57.90%,"6,91,918","4,07,830",58.94%,"15,27,768","8,91,822",58.37%
Orissa,19,Aska,"7,50,999","4,49,485",59.85%,"6,57,781","4,46,796",67.92%,"14,08,780","8,96,281",63.62%
Orissa,20,Berhampur,"6,80,089","4,51,051",66.32%,"6,54,179","4,54,311",69.45%,"13,34,268","9,05,362",67.85%
Orissa,21,Koraput,"6,29,268","4,85,223",77.11%,"6,71,169","5,04,221",75.13%,"13,00,437","9,89,444",76.09%
Puducherry,1,Puducherry,"4,32,048","3,51,360",81.32%,"4,69,309","3,88,657",82.81%,"9,01,357","7,40,017",82.10%
Punjab,1,Gurdaspur,"7,84,477","5,32,819",67.92%,"7,15,860","5,09,880",71.23%,"15,00,337","10,42,699",69.50%
Punjab,2,Amritsar,"7,79,164","5,37,641",69.00%,"6,98,098","4,69,555",67.26%,"14,77,262","10,07,196",68.18%
Punjab,3,Khadoor Sahib,"8,17,062","5,36,595",65.67%,"7,46,194","5,03,923",67.53%,"15,63,256","10,40,518",66.56%
Punjab,4,Jalandhar,"8,08,530","5,32,246",65.83%,"7,42,967","5,08,516",68.44%,"15,51,497","10,40,762",67.08%
Punjab,5,Hoshiarpur,"7,62,065","4,73,343",62.11%,"7,23,221","4,87,954",67.47%,"14,85,286","9,61,297",64.72%
Punjab,6,Anandpur Sahib,"8,17,186","5,54,256",67.82%,"7,47,535","5,32,307",71.21%,"15,64,721","10,86,563",69.44%
Punjab,7,Ludhiana,"8,35,632","6,00,960",71.92%,"7,25,569","4,99,497",68.84%,"15,61,201","11,00,457",70.49%
Punjab,8,Fatehgarh Sahib,"7,40,390","5,51,251",74.45%,"6,56,567","4,79,703",73.06%,"13,96,957","10,30,954",73.80%
Punjab,9,Faridkot,"7,68,206","5,48,771",71.44%,"6,86,869","4,83,336",70.37%,"14,55,075","10,32,107",70.93%
Punjab,10,Firozpur,"8,08,857","5,90,511",73.01%,"7,13,254","5,14,901",72.19%,"15,22,111","11,05,412",72.62%
Punjab,11,Bathinda,"8,13,119","6,27,099",77.12%,"7,12,170","5,49,668",77.18%,"15,25,289","11,76,767",77.15%
Punjab,12,Sangrur,"7,58,197","5,83,487",76.96%,"6,66,546","5,15,980",77.41%,"14,24,743","10,99,467",77.17%
Punjab,13,Patiala,"8,34,231","5,93,646",71.16%,"7,46,042","5,27,287",70.68%,"15,80,273","11,20,933",70.93%
Rajasthan,1,Ganganagar,"9,09,749","6,81,063",74.86%,"8,08,672","5,75,743",71.20%,"17,18,421","12,56,806",73.14%
Rajasthan,2,Bikaner,"8,47,064","5,26,983",62.21%,"7,44,004","4,02,768",54.14%,"15,91,068","9,29,751",58.44%
Rajasthan,3,Churu,"9,28,040","6,00,164",64.67%,"8,25,785","5,30,940",64.30%,"17,53,825","11,31,104",64.49%
Rajasthan,4,Jhunjhunu,"8,93,354","5,24,368",58.70%,"8,03,434","4,82,097",60.00%,"16,96,788","10,06,465",59.32%
Rajasthan,5,Sikar,"9,44,231","5,55,682",58.85%,"8,26,193","5,10,068",61.74%,"17,70,424","10,65,750",60.20%
Rajasthan,6,Jaipur Rural,"9,06,275","5,54,084",61.14%,"7,93,187","4,59,607",57.94%,"16,99,462","10,13,691",59.65%
Rajasthan,7,Jaipur,"10,47,468","7,16,874",68.44%,"9,10,350","5,79,932",63.70%,"19,57,818","12,96,806",66.24%
Rajasthan,8,Alwar,"8,71,339","5,87,242",67.40%,"7,56,728","4,75,063",62.78%,"16,28,067","10,62,305",65.25%
Rajasthan,9,BHARATPUR,"9,11,069","5,48,105",60.16%,"7,75,828","4,14,327",53.40%,"16,86,897","9,62,432",57.05%
Rajasthan,10,KARAULI-DHOLPUR,"8,45,665","4,91,661",58.14%,"7,03,997","3,54,280",50.32%,"15,49,662","8,45,941",54.59%
Rajasthan,11,Dausa,"8,14,648","5,19,866",63.81%,"7,09,447","4,10,626",57.88%,"15,24,095","9,30,492",61.05%
Rajasthan,12,TONK-SAWAI MADHOPUR,"9,10,730","5,83,685",64.09%,"8,00,045","4,59,355",57.42%,"17,10,775","10,43,040",60.97%
Rajasthan,13,Ajmer,"8,69,354","6,14,697",70.71%,"8,13,938","5,41,617",66.54%,"16,83,292","11,56,314",68.69%
Rajasthan,14,Nagaur,"8,86,731","5,32,331",60.03%,"7,91,931","4,71,688",59.56%,"16,78,662","10,04,019",59.81%
Rajasthan,15,Pali,"9,94,082","5,81,099",58.46%,"8,98,948","5,14,488",57.23%,"18,93,030","10,95,587",57.87%
Rajasthan,16,Jodhpur,"9,10,466","6,00,132",65.91%,"8,16,897","4,78,466",58.57%,"17,27,363","10,78,598",62.44%
Rajasthan,17,Barmer,"8,95,593","6,55,642",73.21%,"7,81,989","5,63,477",72.06%,"16,77,582","12,19,119",72.67%
Rajasthan,18,Jalore,"9,64,047","5,81,038",60.27%,"8,60,921","5,06,234",58.80%,"18,24,968","10,87,272",59.58%
Rajasthan,19,Udaipur,"9,30,007","6,01,374",64.66%,"8,87,933","5,91,828",66.65%,"18,17,940","11,93,202",65.63%
Rajasthan,20,Banswara,"8,63,920","5,79,152",67.04%,"8,28,582","5,92,036",71.45%,"16,92,502","11,71,188",69.20%
Rajasthan,21,Chittorgarh,"9,28,572","6,32,047",68.07%,"8,89,575","5,40,582",60.77%,"18,18,147","11,72,629",64.50%
Rajasthan,22,Rajsamand,"8,79,526","5,08,738",57.84%,"8,19,875","4,73,381",57.74%,"16,99,401","9,82,119",57.79%
Rajasthan,23,Bhilwara,"9,04,030","5,81,524",64.33%,"8,50,847","5,22,566",61.42%,"17,54,877","11,04,090",62.92%
Rajasthan,24,Kota,"9,13,386","6,34,766",69.50%,"8,31,153","5,20,194",62.59%,"17,44,539","11,54,960",66.20%
Rajasthan,25,JHALAWAR-BARAN,"8,68,977","6,35,659",73.15%,"8,00,865","5,10,705",63.77%,"16,69,842","11,46,364",68.65%
Sikkim,1,Sikkim,"1,90,886","1,58,222",82.89%,"1,79,725","1,50,745",83.88%,"3,70,611","3,08,967",83.37%
Tamil Nadu,1,Thiruvallur,"8,52,794","6,45,535",75.70%,"8,50,039","6,08,905",71.63%,"17,02,833","12,54,440",73.67%
Tamil Nadu,2,Chennai North,"7,07,696","4,64,795",65.68%,"7,14,690","4,45,319",62.31%,"14,22,386","9,10,114",63.99%
Tamil Nadu,3,Chennai South,"9,01,207","5,52,474",61.30%,"8,94,573","5,28,689",59.10%,"17,95,780","10,81,163",60.21%
Tamil Nadu,4,Chennai central,"6,65,278","4,22,278",63.47%,"6,62,749","3,92,616",59.24%,"13,28,027","8,14,894",61.36%
Tamil Nadu,5,Sriperumbudur,"9,82,862","6,66,226",67.78%,"9,63,641","6,20,421",64.38%,"19,46,503","12,86,647",66.10%
Tamil Nadu,6,Kancheepuram,"7,36,993","5,75,483",78.09%,"7,43,130","5,52,916",74.40%,"14,80,123","11,28,399",76.24%
Tamil Nadu,7,Arakkonam,"6,92,883","5,43,546",78.45%,"7,08,662","5,45,506",76.98%,"14,01,545","10,89,052",77.70%
Tamil Nadu,8,Vellore,"6,52,064","4,83,973",74.22%,"6,60,187","4,90,797",74.34%,"13,12,251","9,74,770",74.28%
Tamil Nadu,9,Krishnagiri,"7,05,468","5,45,948",77.39%,"6,74,489","5,22,443",77.46%,"13,79,957","10,68,391",77.42%
Tamil Nadu,10,Dharmapuri,"6,96,496","5,67,633",81.50%,"6,61,777","5,33,712",80.65%,"13,58,273","11,01,345",81.08%
Tamil Nadu,11,Tiruvannamalai,"6,75,321","5,29,027",78.34%,"6,77,645","5,38,420",79.45%,"13,52,966","10,67,447",78.90%
Tamil Nadu,12,Arani,"6,83,921","5,48,023",80.13%,"6,85,747","5,48,023",79.92%,"13,69,668","10,96,046",80.02%
Tamil Nadu,13,Viluppuram,"6,94,932","5,37,023",77.28%,"6,92,075","5,30,618",76.67%,"13,87,007","10,67,641",76.97%
Tamil Nadu,14,Kallakurichi,"7,07,219","5,42,991",76.78%,"7,05,280","5,64,250",80.00%,"14,12,499","11,07,241",78.39%
Tamil Nadu,15,Salem,"7,59,981","5,93,783",78.13%,"7,38,369","5,56,513",75.37%,"14,98,350","11,50,296",76.77%
Tamil Nadu,16,Namakkal,"6,61,113","5,26,519",79.64%,"6,68,439","5,32,236",79.62%,"13,29,552","10,58,755",79.63%
Tamil Nadu,17,Erode,"6,56,659","5,11,553",77.90%,"6,64,736","4,97,029",74.77%,"13,21,395","10,08,582",76.33%
Tamil Nadu,18,Tiruppur,"6,97,730","5,43,998",77.97%,"6,77,859","5,06,192",74.68%,"13,75,589","10,50,190",76.34%
Tamil Nadu,19,Nilgiris,"6,29,731","4,73,163",75.14%,"6,39,432","4,59,913",71.93%,"12,69,163","9,33,076",73.52%
Tamil Nadu,20,Coimbatore,"8,69,034","6,08,666",70.04%,"8,51,177","5,67,954",66.73%,"17,20,211","11,76,620",68.40%
Tamil Nadu,21,Pollachi,"6,86,943","5,14,739",74.93%,"6,94,562","4,97,928",71.69%,"13,81,505","10,12,667",73.30%
Tamil Nadu,22,Dindigul,"6,96,160","5,38,540",77.36%,"7,04,371","5,44,824",77.35%,"14,00,531","10,83,364",77.35%
Tamil Nadu,23,Karur,"6,41,693","5,11,860",79.77%,"6,56,629","5,34,674",81.43%,"12,98,322","10,46,534",80.61%
Tamil Nadu,24,Tiruchirappalli,"6,89,228","4,92,050",71.39%,"6,97,912","4,96,200",71.10%,"13,87,140","9,88,250",71.24%
Tamil Nadu,25,Perambalur,"6,34,285","5,00,157",78.85%,"6,51,149","5,30,669",81.50%,"12,85,434","10,30,826",80.19%
Tamil Nadu,26,Cuddalore,"6,25,652","4,86,263",77.72%,"6,22,256","4,98,275",80.08%,"12,47,908","9,84,538",78.90%
Tamil Nadu,27,Chidambaram,"6,86,864","5,31,368",77.36%,"6,79,325","5,57,055",82.00%,"13,66,189","10,88,423",79.67%
Tamil Nadu,28,Mayiladuthurai,"6,79,940","5,03,949",74.12%,"6,70,378","5,21,589",77.81%,"13,50,318","10,25,538",75.95%
Tamil Nadu,29,Nagapattinam,"6,06,339","4,54,047",74.88%,"6,04,287","4,88,155",80.78%,"12,10,626","9,42,202",77.83%
Tamil Nadu,30,Thanjavur,"6,62,576","4,82,240",72.78%,"6,77,474","5,30,018",78.23%,"13,40,050","10,12,258",75.54%
Tamil Nadu,31,Sivaganga,"7,04,489","4,75,004",67.43%,"7,07,884","5,52,032",77.98%,"14,12,373","10,27,036",72.72%
Tamil Nadu,32,Madurai,"7,17,175","4,86,336",67.81%,"7,24,259","4,92,010",67.93%,"14,41,434","9,78,346",67.87%
Tamil Nadu,33,Theni,"7,20,709","5,29,187",73.43%,"7,20,593","5,46,396",75.83%,"14,41,302","10,75,583",74.63%
Tamil Nadu,34,Virudhunagar,"6,69,589","4,97,074",74.24%,"6,80,906","5,13,856",75.47%,"13,50,495","10,10,930",74.86%
Tamil Nadu,35,Ramanathapuram,"7,31,467","4,65,888",63.69%,"7,24,424","5,35,160",73.87%,"14,55,891","10,01,048",68.76%
Tamil Nadu,36,Thoothukkudi,"6,51,366","4,49,405",68.99%,"6,59,231","4,67,373",70.90%,"13,10,597","9,16,778",69.95%
Tamil Nadu,37,Tenkasi,"6,88,958","4,90,748",71.23%,"6,93,123","5,27,190",76.06%,"13,82,081","10,17,938",73.65%
Tamil Nadu,38,Tirunelveli,"7,05,592","4,69,328",66.52%,"7,14,843","4,93,002",68.97%,"14,20,435","9,62,330",67.75%
Tamil Nadu,39,Kanniyakumari,"7,43,378","4,89,129",65.80%,"7,24,418","5,01,613",69.24%,"14,67,796","9,90,742",67.50%
Tripura,1,Tripura West,"6,35,976","5,46,566",85.94%,"6,12,574","5,26,183",85.90%,"12,48,550","10,72,749",85.92%
Tripura,2,Tripura East,"5,81,599","4,89,156",84.11%,"5,58,670","4,61,954",82.69%,"11,40,269","9,51,110",83.41%
Uttar Pradesh,1,Saharanpur,"8,73,318","6,53,286",74.81%,"7,35,515","5,41,022",73.56%,"16,08,833","11,94,308",74.23%
Uttar Pradesh,2,Kairana,"8,40,623","6,18,538",73.58%,"6,91,132","5,00,786",72.46%,"15,31,755","11,19,324",73.07%
Uttar Pradesh,3,Muzaffarnagar,"8,75,186","6,20,606",70.91%,"7,13,297","4,86,828",68.25%,"15,88,483","11,07,434",69.72%
Uttar Pradesh,4,Bijnor,"8,48,606","5,77,146",68.01%,"7,13,459","4,83,200",67.73%,"15,62,065","10,60,346",67.88%
Uttar Pradesh,5,Nagina,"7,95,554","4,84,006",60.84%,"6,97,857","4,58,190",65.66%,"14,93,411","9,42,196",63.09%
Uttar Pradesh,6,Moradabad,"9,61,962","6,27,713",65.25%,"8,10,084","5,00,252",61.75%,"17,72,046","11,27,965",63.65%
Uttar Pradesh,7,Rampur,"8,72,084","5,26,970",60.43%,"7,44,900","4,29,419",57.65%,"16,16,984","9,56,389",59.15%
Uttar Pradesh,8,Sambhal,"9,31,603","6,00,271",64.43%,"7,61,642","4,56,731",59.97%,"16,93,245","10,57,002",62.42%
Uttar Pradesh,9,Amroha,"8,29,446","5,89,901",71.12%,"7,14,796","5,05,959",70.78%,"15,44,242","10,95,860",70.96%
Uttar Pradesh,10,Meerut,"9,71,956","6,32,847",65.11%,"7,92,432","4,80,537",60.64%,"17,64,388","11,13,384",63.10%
Uttar Pradesh,11,Baghpat,"8,50,681","5,82,774",68.51%,"6,54,494","4,21,489",64.40%,"15,05,175","10,04,263",66.72%
Uttar Pradesh,12,Ghaziabad,"13,33,051","7,82,170",58.68%,"10,24,495","5,60,150",54.68%,"23,57,546","13,42,320",56.94%
Uttar Pradesh,13,Gautam Buddha Nagar,"11,05,855","6,90,761",62.46%,"8,80,262","5,08,477",57.76%,"19,86,117","11,99,238",60.38%
Uttar Pradesh,14,Bulandshahr,"9,30,831","5,49,484",59.03%,"8,05,616","4,60,226",57.13%,"17,36,447","10,09,710",58.15%
Uttar Pradesh,15,Aligarh,"9,65,995","5,96,785",61.78%,"8,27,131","4,67,572",56.53%,"17,93,126","10,64,357",59.36%
Uttar Pradesh,16,Hathras,"9,69,908","5,96,931",61.55%,"7,89,019","4,52,342",57.33%,"17,58,927","10,49,273",59.65%
Uttar Pradesh,17,Mathura,"9,31,615","6,19,091",66.45%,"7,50,645","4,57,777",60.98%,"16,82,260","10,76,868",64.01%
Uttar Pradesh,18,Agra,"10,03,777","6,22,009",61.97%,"8,10,962","4,48,391",55.29%,"18,14,739","10,70,400",58.98%
Uttar Pradesh,19,Fatehpur Sikri,"8,77,271","5,65,971",64.51%,"7,03,311","4,01,997",57.16%,"15,80,582","9,67,968",61.24%
Uttar Pradesh,20,Firozabad,"9,02,514","6,43,433",71.29%,"7,34,224","4,61,173",62.81%,"16,36,738","11,04,606",67.49%
Uttar Pradesh,21,Mainpuri,"9,00,568","5,80,173",64.42%,"7,52,497","4,19,092",55.69%,"16,53,065","9,99,265",60.45%
Uttar Pradesh,22,Etah,"8,56,974","5,20,292",60.71%,"7,20,483","4,05,989",56.35%,"15,77,457","9,26,281",58.72%
Uttar Pradesh,23,Badaun,"9,78,040","5,95,491",60.89%,"7,91,105","4,32,103",54.62%,"17,69,145","10,27,594",58.08%
Uttar Pradesh,24,Aonla,"9,17,060","5,72,792",62.46%,"7,36,517","4,22,849",57.41%,"16,53,577","9,95,641",60.21%
Uttar Pradesh,25,Bareilly,"9,11,410","5,75,414",63.13%,"7,52,671","4,42,477",58.79%,"16,64,081","10,17,891",61.17%
Uttar Pradesh,26,Pilibhit,"9,03,420","5,86,205",64.89%,"7,67,731","4,64,342",60.48%,"16,71,151","10,50,547",62.86%
Uttar Pradesh,27,Shahjahanpur,"11,00,020","6,64,459",60.40%,"8,79,274","4,65,382",52.93%,"19,79,294","11,29,841",57.08%
Uttar Pradesh,28,Kheri,"9,04,863","6,06,301",67.00%,"7,74,603","4,71,567",60.88%,"16,79,466","10,77,868",64.18%
Uttar Pradesh,29,Dhaurahra,"8,46,798","6,05,309",71.48%,"7,11,241","4,54,962",63.97%,"15,58,039","10,60,271",68.05%
Uttar Pradesh,30,Sitapur,"8,37,981","5,82,088",69.46%,"7,12,282","4,44,884",62.46%,"15,50,263","10,26,972",66.25%
Uttar Pradesh,31,Hardoi,"9,39,831","5,65,543",60.17%,"7,74,556","4,07,351",52.59%,"17,14,387","9,72,894",56.75%
Uttar Pradesh,32,Misrikh,"9,48,290","5,90,503",62.27%,"7,77,295","4,07,811",52.47%,"17,25,585","9,98,314",57.85%
Uttar Pradesh,33,Unnao,"11,94,396","6,74,580",56.48%,"9,69,996","5,27,023",54.33%,"21,64,392","12,01,603",55.52%
Uttar Pradesh,34,Mohanlalganj,"9,95,313","6,38,688",64.17%,"8,42,881","4,77,900",56.70%,"18,38,194","11,16,588",60.74%
Uttar Pradesh,35,Lucknow,"10,52,171","5,82,227",55.34%,"8,97,785","4,51,556",50.30%,"19,49,956","10,33,783",53.02%
Uttar Pradesh,36,Rae Bareli,"8,57,875","4,37,735",51.03%,"7,37,079","3,87,401",52.56%,"15,94,954","8,25,136",51.73%
Uttar Pradesh,37,Amethi,"8,90,595","4,61,365",51.80%,"7,79,248","4,13,260",53.03%,"16,69,843","8,74,625",52.38%
Uttar Pradesh,38,Sultanpur,"9,10,349","4,99,378",54.86%,"7,93,349","4,65,603",58.69%,"17,03,698","9,64,981",56.64%
Uttar Pradesh,39,Pratapgarh,"9,23,668","4,57,693",49.55%,"7,92,957","4,36,763",55.08%,"17,16,625","8,94,456",52.11%
Uttar Pradesh,40,Farrukhabad,"8,91,934","5,60,566",62.85%,"7,21,847","4,10,111",56.81%,"16,13,781","9,70,677",60.15%
Uttar Pradesh,41,Etawah,"9,38,271","5,30,688",56.56%,"7,68,966","4,08,916",53.18%,"17,07,237","9,39,604",55.04%
Uttar Pradesh,42,Kannauj,"10,00,007","6,29,781",62.98%,"8,08,882","4,84,679",59.92%,"18,08,889","11,14,460",61.61%
Uttar Pradesh,43,Kanpur,"8,89,345","4,85,765",54.62%,"7,21,903","3,49,314",48.39%,"16,11,248","8,35,079",51.83%
Uttar Pradesh,44,Akbarpur,"9,77,662","5,59,901",57.27%,"7,90,961","4,11,474",52.02%,"17,68,623","9,71,375",54.92%
Uttar Pradesh,45,Jalaun,"10,45,684","5,79,206",55.39%,"8,57,648","5,29,960",61.79%,"19,03,332","11,09,166",58.27%
Uttar Pradesh,46,Jhansi,"10,34,085","7,34,103",70.99%,"8,97,930","5,86,701",65.34%,"19,32,015","13,20,804",68.36%
Uttar Pradesh,47,Hamirpur,"9,49,328","5,48,768",57.81%,"7,88,665","4,26,472",54.08%,"17,37,993","9,75,240",56.11%
Uttar Pradesh,48,Banda,"8,84,813","4,74,053",53.58%,"7,17,104","3,84,273",53.59%,"16,01,917","8,58,326",53.58%
Uttar Pradesh,49,Fatehpur,"9,85,922","5,75,050",58.33%,"8,18,855","4,81,638",58.82%,"18,04,777","10,56,688",58.55%
Uttar Pradesh,50,Kaushambi,"9,55,324","4,91,057",51.40%,"7,83,670","4,18,981",53.46%,"17,38,994","9,10,038",52.33%
Uttar Pradesh,51,Phulpur,"10,63,897","5,41,728",50.92%,"8,49,377","4,18,613",49.28%,"19,13,274","9,60,341",50.19%
Uttar Pradesh,52,Allahabad,"9,17,403","5,07,043",55.27%,"7,49,166","3,84,539",51.33%,"16,66,569","8,91,582",53.50%
Uttar Pradesh,53,Barabanki,"9,25,946","6,11,206",66.01%,"7,95,336","4,56,962",57.46%,"17,21,282","10,68,168",62.06%
Uttar Pradesh,54,Faizabad,"9,36,036","5,58,096",59.62%,"8,02,665","4,64,620",57.88%,"17,38,701","10,22,716",58.82%
Uttar Pradesh,55,Ambedkar Nagar,"9,23,553","5,41,200",58.60%,"7,95,221","4,93,204",62.02%,"17,18,774","10,34,404",60.18%
Uttar Pradesh,56,Bahraich,"8,82,776","5,22,627",59.20%,"7,55,869","4,11,636",54.46%,"16,38,645","9,34,263",57.01%
Uttar Pradesh,57,Kaiserganj,"9,28,269","5,27,337",56.81%,"7,83,698","4,16,020",53.08%,"17,11,967","9,43,357",55.10%
Uttar Pradesh,58,Shrawasti,"9,76,415","5,59,177",57.27%,"8,11,665","4,20,461",51.80%,"17,88,080","9,79,638",54.79%
Uttar Pradesh,59,Gonda,"9,35,168","4,88,241",52.21%,"7,75,659","3,85,491",49.70%,"17,10,827","8,73,732",51.07%
Uttar Pradesh,60,Domariyaganj,"9,61,957","4,90,141",50.95%,"7,99,458","4,44,886",55.65%,"17,61,415","9,35,027",53.08%
Uttar Pradesh,61,Basti,"10,22,508","5,49,746",53.76%,"8,25,105","4,98,788",60.45%,"18,47,613","10,48,534",56.75%
Uttar Pradesh,62,Sant Kabir Nagar,"10,45,430","5,20,999",49.84%,"8,58,897","4,90,650",57.13%,"19,04,327","10,11,649",53.12%
Uttar Pradesh,63,Maharajganj,"9,46,234","5,47,576",57.87%,"7,96,897","5,08,502",63.81%,"17,43,131","10,56,078",60.59%
Uttar Pradesh,64,Gorakhpur,"10,55,476","5,69,717",53.98%,"8,49,022","4,70,482",55.41%,"19,04,498","10,40,199",54.62%
Uttar Pradesh,65,Kushi Nagar,"9,30,637","5,05,827",54.35%,"7,50,355","4,44,618",59.25%,"16,80,992","9,50,445",56.54%
Uttar Pradesh,66,Deoria,"9,97,314","5,08,610",51.00%,"8,09,612","4,62,947",57.18%,"18,06,926","9,71,557",53.77%
Uttar Pradesh,67,Bansgaon,"9,79,644","4,59,744",46.93%,"7,80,466","4,18,133",53.57%,"17,60,110","8,77,877",49.88%
Uttar Pradesh,68,Lalganj,"9,06,751","4,56,696",50.37%,"7,54,732","4,41,959",58.56%,"16,61,483","8,98,655",54.09%
Uttar Pradesh,69,Azamgarh,"9,41,548","5,04,787",53.61%,"7,61,674","4,55,431",59.79%,"17,03,222","9,60,218",56.38%
Uttar Pradesh,70,Ghosi,"10,40,034","5,47,483",52.64%,"8,51,079","4,92,173",57.83%,"18,91,113","10,39,656",54.98%
Uttar Pradesh,71,Salempur,"9,04,632","4,50,367",49.78%,"7,57,105","4,04,382",53.41%,"16,61,737","8,54,749",51.44%
Uttar Pradesh,72,Ballia,"9,73,384","5,73,053",58.87%,"7,94,887","3,69,158",46.44%,"17,68,271","9,42,211",53.28%
Uttar Pradesh,73,Jaunpur,"10,02,938","5,27,542",52.60%,"8,45,904","4,79,601",56.70%,"18,48,842","10,07,143",54.47%
Uttar Pradesh,74,Machhlishahr,"10,26,789","5,13,121",49.97%,"8,65,180","4,84,781",56.03%,"18,91,969","9,97,902",52.74%
Uttar Pradesh,75,Ghazipur,"9,83,352","5,29,153",53.81%,"8,18,167","4,57,520",55.92%,"18,01,519","9,86,673",54.77%
Uttar Pradesh,76,Chandauli,"9,27,629","5,46,179",58.88%,"7,41,511","4,34,393",58.58%,"16,69,140","9,80,572",58.75%
Uttar Pradesh,77,Varanasi,"9,86,224","5,94,293",60.26%,"7,81,262","4,36,392",55.86%,"17,67,486","10,30,685",58.31%
Uttar Pradesh,78,Bhadohi,"10,16,000","5,27,290",51.90%,"8,18,598","4,54,262",55.49%,"18,34,598","9,81,552",53.50%
Uttar Pradesh,79,Mirzapur,"9,38,504","5,57,621",59.42%,"7,82,157","4,50,006",57.53%,"17,20,661","10,07,627",58.56%
Uttar Pradesh,80,Robertsganj,"9,01,163","4,97,152",55.17%,"7,38,398","3,88,721",52.64%,"16,39,561","8,85,873",54.03%
Uttarakhand,1,Tehri Garhwal,"7,12,039","4,03,088",56.61%,"6,40,806","3,73,126",58.23%,"13,52,845","7,76,214",57.38%
Uttarakhand,2,Garhwal,"6,52,891","3,23,143",49.49%,"6,16,192","3,58,881",58.24%,"12,69,083","6,82,024",53.74%
Uttarakhand,3,Almora,"6,40,059","3,12,965",48.90%,"6,14,269","3,43,560",55.93%,"12,54,328","6,56,525",52.34%
Uttarakhand,4,Nainital-udhamsingh Nagar,"8,57,781","5,90,700",68.86%,"7,53,029","5,10,735",67.82%,"16,10,810","11,01,435",68.38%
Uttarakhand,5,Hardwar,"8,88,328","6,38,871",71.92%,"7,54,545","5,36,821",71.14%,"16,42,873","11,75,692",71.56%
West Bengal,1,Cooch behar,"8,48,649","6,88,855",81.17%,"7,64,768","6,43,554",84.15%,"16,13,417","13,32,409",82.58%
West Bengal,2,Alipurduars,"7,55,765","6,19,981",82.03%,"7,15,146","6,03,585",84.40%,"14,70,911","12,23,566",83.18%
West Bengal,3,Jalpaiguri,"7,95,704","6,76,450",85.01%,"7,35,765","6,25,667",85.04%,"15,31,469","13,02,117",85.02%
West Bengal,4,Darjeeling,"7,37,184","5,87,678",79.72%,"6,99,942","5,54,331",79.20%,"14,37,126","11,42,009",79.46%
West Bengal,5,Raiganj,"7,24,014","5,64,181",77.92%,"6,63,512","5,44,012",81.99%,"13,87,526","11,08,193",79.87%
West Bengal,6,Balurghat,"6,53,848","5,49,173",83.99%,"6,00,649","5,13,880",85.55%,"12,54,497","10,63,053",84.74%
West Bengal,7,Maldaha Uttar,"7,40,749","5,79,515",78.23%,"6,84,679","5,83,470",85.22%,"14,25,428","11,62,985",81.59%
West Bengal,8,Maldaha Dakshin,"6,92,386","5,46,640",78.95%,"6,54,757","5,45,767",83.35%,"13,47,143","10,92,407",81.09%
West Bengal,9,Jangipur,"7,14,890","5,59,542",78.27%,"6,76,766","5,59,542",82.68%,"13,91,656","11,19,084",80.41%
West Bengal,10,Baharampur,"7,52,943","5,79,487",76.96%,"7,00,840","5,75,100",82.06%,"14,53,783","11,54,587",79.42%
West Bengal,11,Murshidabad,"7,82,286","6,52,896",83.46%,"7,29,812","6,34,867",86.99%,"15,12,098","12,87,763",85.16%
West Bengal,12,Krishnanagar,"7,69,981","6,39,431",83.05%,"7,06,802","6,08,483",86.09%,"14,76,783","12,47,914",84.50%
West Bengal,13,Ranaghat,"8,31,318","6,93,242",83.39%,"7,71,531","6,59,954",85.54%,"16,02,849","13,53,196",84.42%
West Bengal,14,Bangaon,"7,96,650","6,61,484",83.03%,"7,44,063","6,22,204",83.62%,"15,40,713","12,83,688",83.32%
West Bengal,15,Barrackpore,"6,82,366","5,67,820",83.21%,"6,04,856","4,83,310",79.90%,"12,87,222","10,51,130",81.66%
West Bengal,16,Dum dum,"7,15,569","5,91,353",82.64%,"6,90,412","5,41,291",78.40%,"14,05,981","11,32,644",80.56%
West Bengal,17,Barasat,"7,74,305","6,65,637",85.97%,"7,38,487","6,03,694",81.75%,"15,12,792","12,69,331",83.91%
West Bengal,18,Basirhat,"7,77,768","6,77,519",87.11%,"7,12,828","5,96,252",83.65%,"14,90,596","12,73,771",85.45%
West Bengal,19,Joynagar,"7,57,902","6,31,335",83.30%,"7,00,822","5,54,717",79.15%,"14,58,724","11,86,052",81.31%
West Bengal,20,Mathurapur,"7,72,279","6,59,848",85.44%,"7,16,505","6,05,683",84.53%,"14,88,784","12,65,531",85.00%
West Bengal,21,Diamond harbour,"8,16,259","6,83,496",83.74%,"7,39,655","5,77,800",78.12%,"15,55,914","12,61,296",81.06%
West Bengal,22,Jadavpur,"8,11,441","6,66,972",82.20%,"7,84,305","6,05,390",77.19%,"15,95,746","12,72,362",79.73%
West Bengal,23,Kolkata Dakshin,"8,90,251","6,27,205",70.45%,"7,95,045","5,40,774",68.02%,"16,85,296","11,67,979",69.30%
West Bengal,24,Kolkata Uttar,"7,97,437","5,35,236",67.12%,"6,36,548","4,20,542",66.07%,"14,33,985","9,55,778",66.65%
West Bengal,25,Howrah,"8,02,653","6,21,783",77.47%,"7,02,446","5,03,616",71.69%,"15,05,099","11,25,399",74.77%
West Bengal,26,Uluberia,"7,61,951","6,28,832",82.53%,"6,86,681","5,57,195",81.14%,"14,48,632","11,86,027",81.87%
West Bengal,27,Srerampur,"8,47,931","6,81,607",80.38%,"7,76,107","6,08,826",78.45%,"16,24,038","12,90,433",79.46%
West Bengal,28,Hooghly,"8,36,584","6,97,366",83.36%,"7,93,458","6,51,504",82.11%,"16,30,042","13,48,870",82.75%
West Bengal,29,Arambagh,"8,33,629","7,07,525",84.87%,"7,66,664","6,54,409",85.36%,"16,00,293","13,61,934",85.11%
West Bengal,30,Tamluk,"7,96,779","6,85,563",86.04%,"7,30,494","6,52,121",89.27%,"15,27,273","13,37,684",87.59%
West Bengal,31,Kanthi,"7,77,345","6,64,251",85.45%,"7,13,064","6,26,560",87.87%,"14,90,409","12,90,811",86.61%
West Bengal,32,Ghatal,"8,35,803","6,91,145",82.69%,"7,74,686","6,75,564",87.20%,"16,10,489","13,66,709",84.86%
West Bengal,33,Jhargram,"7,53,840","6,46,539",85.77%,"7,21,272","6,11,074",84.72%,"14,75,112","12,57,613",85.26%
West Bengal,34,Medinipur,"7,70,363","6,47,026",83.99%,"7,29,310","6,13,006",84.05%,"14,99,673","12,60,032",84.02%
West Bengal,35,Purulia,"7,64,758","6,27,033",81.99%,"7,07,175","5,77,642",81.68%,"14,71,933","12,04,675",81.84%
West Bengal,36,Bankura,"7,75,893","6,45,606",83.21%,"7,27,919","5,90,713",81.15%,"15,03,812","12,36,319",82.21%
West Bengal,37,Bishnupur,"7,59,317","6,67,837",87.95%,"7,07,604","6,04,233",85.39%,"14,66,921","12,72,070",86.72%
West Bengal,38,Bardhaman Purba,"7,95,545","6,83,049",85.86%,"7,36,699","6,37,873",86.59%,"15,32,244","13,20,922",86.21%
West Bengal,39,Burdwan - durgapur,"8,21,377","7,00,899",85.33%,"7,62,121","6,30,343",82.71%,"15,83,498","13,31,242",84.07%
West Bengal,40,Asansol,"7,91,896","6,33,230",79.96%,"6,77,788","5,09,165",75.12%,"14,69,684","11,42,395",77.73%
West Bengal,41,Bolpur,"7,98,384","6,81,996",85.42%,"7,40,045","6,22,760",84.15%,"15,38,429","13,04,756",84.81%
West Bengal,42,Birbhum,"7,73,457","6,70,443",86.68%,"7,21,651","6,05,376",83.89%,"14,95,108","12,75,819",85.33%
